PO_Number,Supplier,Category,Spend,Order_Date
PO1,Supplier 39,Maintenance,23493.98,2024-01-01
PO2,Supplier 29,Chemicals,4938.99,2024-01-02
PO3,Supplier 15,IT Equipment,15757.46,2024-01-03
PO4,Supplier 43,Logistics,5955.56,2024-01-04
PO5,Supplier 8,Chemicals,8026.8,2024-01-05
PO6,Supplier 21,Packaging,13888.23,2024-01-06
PO7,Supplier 39,Maintenance,10721.24,2024-01-07
PO8,Supplier 19,Maintenance,4425.53,2024-01-08
PO9,Supplier 23,IT Equipment,4687.94,2024-01-09
PO10,Supplier 11,Packaging,10744.55,2024-01-10
PO11,Supplier 11,IT Equipment,19053.43,2024-01-11
PO12,Supplier 24,Packaging,22500.13,2024-01-12
PO13,Supplier 36,Logistics,2561.13,2024-01-13
PO14,Supplier 40,Maintenance,10131.05,2024-01-14
PO15,Supplier 24,Maintenance,2956.02,2024-01-15
PO16,Supplier 3,Logistics,906.52,2024-01-16
PO17,Supplier 22,Raw Materials,16712.11,2024-01-17
PO18,Supplier 2,IT Equipment,15260.01,2024-01-18
PO19,Supplier 24,Logistics,4493.97,2024-01-19
PO20,Supplier 44,IT Equipment,6228.41,2024-01-20
PO21,Supplier 30,Chemicals,1080.84,2024-01-21
PO22,Supplier 38,Maintenance,20956.21,2024-01-22
PO23,Supplier 2,IT Equipment,24379.92,2024-01-23
PO24,Supplier 21,Packaging,3818.76,2024-01-24
PO25,Supplier 33,IT Equipment,6171.14,2024-01-25
PO26,Supplier 12,Chemicals,21776.03,2024-01-26
PO27,Supplier 22,Maintenance,23198.36,2024-01-27
PO28,Supplier 44,Logistics,10780.87,2024-01-28
PO29,Supplier 25,Chemicals,1740.25,2024-01-29
PO30,Supplier 49,Maintenance,1465.1,2024-01-30
PO31,Supplier 27,IT Equipment,14561.77,2024-01-31
PO32,Supplier 42,Raw Materials,10125.93,2024-02-01
PO33,Supplier 28,Raw Materials,1201.98,2024-02-02
PO34,Supplier 16,Packaging,14789.68,2024-02-03
PO35,Supplier 15,Maintenance,776.91,2024-02-04
PO36,Supplier 47,Raw Materials,19790.61,2024-02-05
PO37,Supplier 44,Logistics,8007.6,2024-02-06
PO38,Supplier 3,Maintenance,1486.32,2024-02-07
PO39,Supplier 37,Logistics,14914.63,2024-02-08
PO40,Supplier 7,Logistics,10243.27,2024-02-09
PO41,Supplier 21,Raw Materials,24358.11,2024-02-10
PO42,Supplier 9,Maintenance,13832.87,2024-02-11
PO43,Supplier 39,IT Equipment,7243.36,2024-02-12
PO44,Supplier 18,Chemicals,17881.25,2024-02-13
PO45,Supplier 4,Raw Materials,7151.55,2024-02-14
PO46,Supplier 25,Raw Materials,22653.96,2024-02-15
PO47,Supplier 14,IT Equipment,9680.69,2024-02-16
PO48,Supplier 50,Maintenance,13971.78,2024-02-17
PO49,Supplier 9,Maintenance,1739.04,2024-02-18
PO50,Supplier 26,Logistics,10939.97,2024-02-19
PO51,Supplier 2,IT Equipment,20892.91,2024-02-20
PO52,Supplier 20,IT Equipment,20238.4,2024-02-21
PO53,Supplier 28,Maintenance,5995.8,2024-02-22
PO54,Supplier 47,Logistics,6038.94,2024-02-23
PO55,Supplier 7,Raw Materials,20523.98,2024-02-24
PO56,Supplier 44,Packaging,23294.76,2024-02-25
PO57,Supplier 8,Chemicals,2836.34,2024-02-26
PO58,Supplier 47,Raw Materials,11526.44,2024-02-27
PO59,Supplier 35,Maintenance,8767.63,2024-02-28
PO60,Supplier 14,Chemicals,21831.87,2024-02-29
PO61,Supplier 17,Packaging,2546.36,2024-03-01
PO62,Supplier 36,Packaging,5672.59,2024-03-02
PO63,Supplier 50,Logistics,18935.47,2024-03-03
PO64,Supplier 40,Chemicals,1756.7,2024-03-04
PO65,Supplier 4,Logistics,12567.12,2024-03-05
PO66,Supplier 2,Raw Materials,11331.62,2024-03-06
PO67,Supplier 6,IT Equipment,8692.83,2024-03-07
PO68,Supplier 42,IT Equipment,10167.02,2024-03-08
PO69,Supplier 4,IT Equipment,13483.54,2024-03-09
PO70,Supplier 29,Chemicals,4453.5,2024-03-10
PO71,Supplier 18,IT Equipment,14513.9,2024-03-11
PO72,Supplier 26,Raw Materials,20233.09,2024-03-12
PO73,Supplier 44,Logistics,19123.94,2024-03-13
PO74,Supplier 34,Chemicals,4270.55,2024-03-14
PO75,Supplier 10,Logistics,4156.61,2024-03-15
PO76,Supplier 36,Chemicals,7070.27,2024-03-16
PO77,Supplier 14,Logistics,9346.33,2024-03-17
PO78,Supplier 31,Packaging,10507.16,2024-03-18
PO79,Supplier 48,Logistics,17152.58,2024-03-19
PO80,Supplier 15,IT Equipment,1888.67,2024-03-20
PO81,Supplier 8,Packaging,1349.48,2024-03-21
PO82,Supplier 14,Logistics,10101.81,2024-03-22
PO83,Supplier 23,Chemicals,17580.51,2024-03-23
PO84,Supplier 40,Chemicals,5239.17,2024-03-24
PO85,Supplier 21,Chemicals,16216.86,2024-03-25
PO86,Supplier 16,Maintenance,6865.79,2024-03-26
PO87,Supplier 45,Raw Materials,22209.11,2024-03-27
PO88,Supplier 18,Chemicals,22444.4,2024-03-28
PO89,Supplier 47,Packaging,7783.54,2024-03-29
PO90,Supplier 24,Chemicals,6134.85,2024-03-30
PO91,Supplier 26,Maintenance,10576.95,2024-03-31
PO92,Supplier 25,IT Equipment,6393.02,2024-04-01
PO93,Supplier 45,Packaging,16973.4,2024-04-02
PO94,Supplier 41,Maintenance,20738.58,2024-04-03
PO95,Supplier 29,IT Equipment,16990.76,2024-04-04
PO96,Supplier 15,Packaging,20696.59,2024-04-05
PO97,Supplier 45,Logistics,10226.31,2024-04-06
PO98,Supplier 1,Raw Materials,4329.77,2024-04-07
PO99,Supplier 25,Raw Materials,18579.8,2024-04-08
PO100,Supplier 7,Maintenance,9331.63,2024-04-09
PO101,Supplier 9,IT Equipment,16946.14,2024-04-10
PO102,Supplier 24,Raw Materials,7130.78,2024-04-11
PO103,Supplier 1,IT Equipment,2490.13,2024-04-12
PO104,Supplier 44,IT Equipment,24818.25,2024-04-13
PO105,Supplier 8,Maintenance,4326.94,2024-04-14
PO106,Supplier 24,Maintenance,24716.31,2024-04-15
PO107,Supplier 11,Maintenance,24443.36,2024-04-16
PO108,Supplier 17,Raw Materials,19948.54,2024-04-17
PO109,Supplier 8,Maintenance,16655.86,2024-04-18
PO110,Supplier 35,Raw Materials,14656.27,2024-04-19
PO111,Supplier 35,Maintenance,21719.49,2024-04-20
PO112,Supplier 33,Chemicals,7591.27,2024-04-21
PO113,Supplier 5,IT Equipment,11958.19,2024-04-22
PO114,Supplier 42,Maintenance,15675.05,2024-04-23
PO115,Supplier 39,Packaging,10574.17,2024-04-24
PO116,Supplier 41,IT Equipment,10973.42,2024-04-25
PO117,Supplier 28,IT Equipment,8591.97,2024-04-26
PO118,Supplier 7,Maintenance,14323.68,2024-04-27
PO119,Supplier 9,Logistics,21339.08,2024-04-28
PO120,Supplier 8,Maintenance,5437.45,2024-04-29
PO121,Supplier 12,IT Equipment,23393.61,2024-04-30
PO122,Supplier 34,Packaging,17382.65,2024-05-01
PO123,Supplier 33,IT Equipment,20670.19,2024-05-02
PO124,Supplier 48,Packaging,14126.67,2024-05-03
PO125,Supplier 23,Raw Materials,19598.16,2024-05-04
PO126,Supplier 24,Chemicals,896.91,2024-05-05
PO127,Supplier 37,IT Equipment,20550.32,2024-05-06
PO128,Supplier 35,Maintenance,1483.4,2024-05-07
PO129,Supplier 44,Raw Materials,22302.88,2024-05-08
PO130,Supplier 40,Chemicals,24803.09,2024-05-09
PO131,Supplier 22,Maintenance,7704.65,2024-05-10
PO132,Supplier 27,Logistics,5652.8,2024-05-11
PO133,Supplier 35,Maintenance,19251.4,2024-05-12
PO134,Supplier 1,Packaging,6699.15,2024-05-13
PO135,Supplier 35,Packaging,21706.28,2024-05-14
PO136,Supplier 37,Logistics,3019.64,2024-05-15
PO137,Supplier 47,Raw Materials,3585.9,2024-05-16
PO138,Supplier 14,Chemicals,24489.21,2024-05-17
PO139,Supplier 3,Maintenance,17009.05,2024-05-18
PO140,Supplier 1,Packaging,21248.74,2024-05-19
PO141,Supplier 5,Raw Materials,8446.07,2024-05-20
PO142,Supplier 26,Logistics,17073.85,2024-05-21
PO143,Supplier 14,IT Equipment,15058.92,2024-05-22
PO144,Supplier 39,Packaging,15277.18,2024-05-23
PO145,Supplier 27,Logistics,17222.05,2024-05-24
PO146,Supplier 9,Maintenance,14596.3,2024-05-25
PO147,Supplier 15,Chemicals,11012.03,2024-05-26
PO148,Supplier 15,Packaging,7260.11,2024-05-27
PO149,Supplier 26,Packaging,19330.24,2024-05-28
PO150,Supplier 42,Maintenance,6043.67,2024-05-29
PO151,Supplier 13,IT Equipment,17462.68,2024-05-30
PO152,Supplier 32,Raw Materials,6216.65,2024-05-31
PO153,Supplier 39,Chemicals,15820.59,2024-06-01
PO154,Supplier 49,Packaging,18803.42,2024-06-02
PO155,Supplier 32,Chemicals,5858.49,2024-06-03
PO156,Supplier 4,Packaging,1968.61,2024-06-04
PO157,Supplier 30,Chemicals,3708.86,2024-06-05
PO158,Supplier 37,Logistics,15346.93,2024-06-06
PO159,Supplier 23,Packaging,21311.44,2024-06-07
PO160,Supplier 39,Chemicals,1602.42,2024-06-08
PO161,Supplier 45,Raw Materials,18486.71,2024-06-09
PO162,Supplier 15,Logistics,8862.31,2024-06-10
PO163,Supplier 43,Logistics,12223.95,2024-06-11
PO164,Supplier 29,Raw Materials,23257.06,2024-06-12
PO165,Supplier 36,Chemicals,8633.3,2024-06-13
PO166,Supplier 13,Maintenance,11900.75,2024-06-14
PO167,Supplier 32,Raw Materials,835.22,2024-06-15
PO168,Supplier 7,Chemicals,2499.17,2024-06-16
PO169,Supplier 22,Raw Materials,6835.49,2024-06-17
PO170,Supplier 28,Raw Materials,1182.38,2024-06-18
PO171,Supplier 2,Packaging,15968.7,2024-06-19
PO172,Supplier 42,Chemicals,10946.76,2024-06-20
PO173,Supplier 45,Maintenance,13929.56,2024-06-21
PO174,Supplier 6,Packaging,4778.86,2024-06-22
PO175,Supplier 28,Raw Materials,7750.33,2024-06-23
PO176,Supplier 28,IT Equipment,16763.7,2024-06-24
PO177,Supplier 44,Raw Materials,24149.92,2024-06-25
PO178,Supplier 44,Raw Materials,1735.21,2024-06-26
PO179,Supplier 20,Chemicals,22314.42,2024-06-27
PO180,Supplier 30,Chemicals,14633.59,2024-06-28
PO181,Supplier 11,Packaging,14316.03,2024-06-29
PO182,Supplier 28,Maintenance,12756.82,2024-06-30
PO183,Supplier 25,Packaging,2200.16,2024-07-01
PO184,Supplier 39,Logistics,2701.98,2024-07-02
PO185,Supplier 33,Raw Materials,15222.34,2024-07-03
PO186,Supplier 1,IT Equipment,8853.49,2024-07-04
PO187,Supplier 27,Raw Materials,22973.07,2024-07-05
PO188,Supplier 13,Raw Materials,10461.47,2024-07-06
PO189,Supplier 41,Packaging,4010.4,2024-07-07
PO190,Supplier 3,IT Equipment,18010.61,2024-07-08
PO191,Supplier 39,IT Equipment,7687.16,2024-07-09
PO192,Supplier 6,IT Equipment,13374.02,2024-07-10
PO193,Supplier 8,Packaging,17596.9,2024-07-11
PO194,Supplier 27,Raw Materials,22556.47,2024-07-12
PO195,Supplier 9,Packaging,19908.68,2024-07-13
PO196,Supplier 37,Chemicals,17070.85,2024-07-14
PO197,Supplier 33,Chemicals,17151.01,2024-07-15
PO198,Supplier 42,Packaging,23675.15,2024-07-16
PO199,Supplier 44,IT Equipment,7747.69,2024-07-17
PO200,Supplier 24,Raw Materials,527.25,2024-07-18
PO201,Supplier 15,Packaging,7162.89,2024-07-19
PO202,Supplier 32,Packaging,5838.34,2024-07-20
PO203,Supplier 32,Packaging,16714.95,2024-07-21
PO204,Supplier 24,Logistics,16025.93,2024-07-22
PO205,Supplier 41,Chemicals,15039.8,2024-07-23
PO206,Supplier 49,IT Equipment,897.96,2024-07-24
PO207,Supplier 49,Maintenance,18355.06,2024-07-25
PO208,Supplier 12,IT Equipment,8426.5,2024-07-26
PO209,Supplier 39,Maintenance,16793.87,2024-07-27
PO210,Supplier 2,Logistics,14136.17,2024-07-28
PO211,Supplier 3,Packaging,8896.91,2024-07-29
PO212,Supplier 49,Logistics,3797.12,2024-07-30
PO213,Supplier 37,Logistics,2813.26,2024-07-31
PO214,Supplier 49,Raw Materials,20872.2,2024-08-01
PO215,Supplier 17,Chemicals,23000.74,2024-08-02
PO216,Supplier 49,Maintenance,16419.81,2024-08-03
PO217,Supplier 2,Packaging,3034.14,2024-08-04
PO218,Supplier 2,Maintenance,10349.67,2024-08-05
PO219,Supplier 28,IT Equipment,18359.01,2024-08-06
PO220,Supplier 23,Maintenance,19605.61,2024-08-07
PO221,Supplier 37,IT Equipment,3396.36,2024-08-08
PO222,Supplier 32,Chemicals,500.75,2024-08-09
PO223,Supplier 33,IT Equipment,17947.36,2024-08-10
PO224,Supplier 1,Maintenance,9236.61,2024-08-11
PO225,Supplier 19,Maintenance,6734.79,2024-08-12
PO226,Supplier 2,IT Equipment,815.99,2024-08-13
PO227,Supplier 44,Logistics,13737.34,2024-08-14
PO228,Supplier 26,Chemicals,21353.19,2024-08-15
PO229,Supplier 32,Raw Materials,23961.98,2024-08-16
PO230,Supplier 6,Packaging,14360.75,2024-08-17
PO231,Supplier 32,Maintenance,13104.3,2024-08-18
PO232,Supplier 4,Packaging,2583.88,2024-08-19
PO233,Supplier 11,Raw Materials,13947.38,2024-08-20
PO234,Supplier 17,Packaging,9809.49,2024-08-21
PO235,Supplier 38,Raw Materials,15374.81,2024-08-22
PO236,Supplier 24,IT Equipment,10023.8,2024-08-23
PO237,Supplier 5,Logistics,6387.33,2024-08-24
PO238,Supplier 34,Maintenance,2826.65,2024-08-25
PO239,Supplier 6,Raw Materials,8215.5,2024-08-26
PO240,Supplier 22,Packaging,2867.8,2024-08-27
PO241,Supplier 11,Maintenance,4833.98,2024-08-28
PO242,Supplier 48,Logistics,24689.74,2024-08-29
PO243,Supplier 16,IT Equipment,11380.54,2024-08-30
PO244,Supplier 33,Maintenance,13530.86,2024-08-31
PO245,Supplier 9,Raw Materials,21903.65,2024-09-01
PO246,Supplier 6,Logistics,24891.44,2024-09-02
PO247,Supplier 16,Packaging,14776.5,2024-09-03
PO248,Supplier 29,Logistics,20405.61,2024-09-04
PO249,Supplier 3,Logistics,8510.06,2024-09-05
PO250,Supplier 20,Chemicals,7990.73,2024-09-06
PO251,Supplier 36,Logistics,10366.24,2024-09-07
PO252,Supplier 19,Logistics,16976.43,2024-09-08
PO253,Supplier 26,Maintenance,17213.7,2024-09-09
PO254,Supplier 3,Packaging,8223.37,2024-09-10
PO255,Supplier 19,Maintenance,3763.64,2024-09-11
PO256,Supplier 20,Maintenance,15993.71,2024-09-12
PO257,Supplier 32,Raw Materials,3643.98,2024-09-13
PO258,Supplier 7,Maintenance,14673.07,2024-09-14
PO259,Supplier 41,Chemicals,17488.84,2024-09-15
PO260,Supplier 33,Chemicals,17664.98,2024-09-16
PO261,Supplier 40,Raw Materials,18960.07,2024-09-17
PO262,Supplier 39,IT Equipment,21885.06,2024-09-18
PO263,Supplier 18,Packaging,12749.0,2024-09-19
PO264,Supplier 40,Packaging,18391.11,2024-09-20
PO265,Supplier 1,Maintenance,15669.73,2024-09-21
PO266,Supplier 11,Maintenance,5072.68,2024-09-22
PO267,Supplier 28,IT Equipment,1129.4,2024-09-23
PO268,Supplier 25,Maintenance,7471.26,2024-09-24
PO269,Supplier 50,Packaging,11354.33,2024-09-25
PO270,Supplier 23,Logistics,15619.1,2024-09-26
PO271,Supplier 31,Chemicals,21324.0,2024-09-27
PO272,Supplier 30,Logistics,5308.02,2024-09-28
PO273,Supplier 42,Logistics,3575.97,2024-09-29
PO274,Supplier 35,Packaging,24105.26,2024-09-30
PO275,Supplier 7,Logistics,3147.09,2024-10-01
PO276,Supplier 16,IT Equipment,12223.03,2024-10-02
PO277,Supplier 26,Raw Materials,14846.31,2024-10-03
PO278,Supplier 48,Maintenance,13763.67,2024-10-04
PO279,Supplier 49,Raw Materials,2607.79,2024-10-05
PO280,Supplier 2,Chemicals,1897.16,2024-10-06
PO281,Supplier 1,Maintenance,3084.34,2024-10-07
PO282,Supplier 48,Logistics,14846.9,2024-10-08
PO283,Supplier 12,Chemicals,13836.45,2024-10-09
PO284,Supplier 5,Maintenance,6226.65,2024-10-10
PO285,Supplier 37,IT Equipment,16125.47,2024-10-11
PO286,Supplier 32,IT Equipment,20591.65,2024-10-12
PO287,Supplier 9,IT Equipment,1518.68,2024-10-13
PO288,Supplier 41,IT Equipment,12704.18,2024-10-14
PO289,Supplier 35,Logistics,17388.11,2024-10-15
PO290,Supplier 19,Raw Materials,6681.64,2024-10-16
PO291,Supplier 48,Maintenance,8040.39,2024-10-17
PO292,Supplier 16,Logistics,15534.13,2024-10-18
PO293,Supplier 3,IT Equipment,22499.41,2024-10-19
PO294,Supplier 20,Raw Materials,20343.15,2024-10-20
PO295,Supplier 24,Chemicals,14786.69,2024-10-21
PO296,Supplier 33,Chemicals,18390.43,2024-10-22
PO297,Supplier 24,Chemicals,9438.15,2024-10-23
PO298,Supplier 11,IT Equipment,16203.66,2024-10-24
PO299,Supplier 49,Chemicals,11921.45,2024-10-25
PO300,Supplier 8,Packaging,5153.44,2024-10-26
PO301,Supplier 36,Maintenance,17692.59,2024-10-27
PO302,Supplier 38,Maintenance,14133.38,2024-10-28
PO303,Supplier 40,IT Equipment,9286.23,2024-10-29
PO304,Supplier 20,Packaging,22827.81,2024-10-30
PO305,Supplier 35,Logistics,1012.89,2024-10-31
PO306,Supplier 48,Logistics,8236.44,2024-11-01
PO307,Supplier 25,Chemicals,1893.59,2024-11-02
PO308,Supplier 35,Raw Materials,19279.92,2024-11-03
PO309,Supplier 25,Logistics,17701.63,2024-11-04
PO310,Supplier 29,Raw Materials,8618.13,2024-11-05
PO311,Supplier 18,Maintenance,17053.74,2024-11-06
PO312,Supplier 46,Raw Materials,10200.46,2024-11-07
PO313,Supplier 18,Maintenance,19028.22,2024-11-08
PO314,Supplier 2,Packaging,11627.5,2024-11-09
PO315,Supplier 35,Packaging,10600.85,2024-11-10
PO316,Supplier 16,IT Equipment,23400.88,2024-11-11
PO317,Supplier 41,IT Equipment,6646.54,2024-11-12
PO318,Supplier 36,Chemicals,3450.96,2024-11-13
PO319,Supplier 33,Logistics,14821.31,2024-11-14
PO320,Supplier 4,Chemicals,24248.38,2024-11-15
PO321,Supplier 33,Maintenance,9757.06,2024-11-16
PO322,Supplier 14,Chemicals,2019.9,2024-11-17
PO323,Supplier 21,Raw Materials,8812.98,2024-11-18
PO324,Supplier 48,Maintenance,12895.33,2024-11-19
PO325,Supplier 20,IT Equipment,4467.11,2024-11-20
PO326,Supplier 8,Packaging,16623.5,2024-11-21
PO327,Supplier 7,IT Equipment,24944.86,2024-11-22
PO328,Supplier 3,Logistics,11567.62,2024-11-23
PO329,Supplier 17,Maintenance,9190.85,2024-11-24
PO330,Supplier 33,Maintenance,10317.25,2024-11-25
PO331,Supplier 48,Raw Materials,3321.08,2024-11-26
PO332,Supplier 12,Logistics,22140.2,2024-11-27
PO333,Supplier 22,Packaging,10663.23,2024-11-28
PO334,Supplier 22,Maintenance,9988.22,2024-11-29
PO335,Supplier 46,Maintenance,16662.41,2024-11-30
PO336,Supplier 30,Raw Materials,11329.82,2024-12-01
PO337,Supplier 38,Chemicals,16381.72,2024-12-02
PO338,Supplier 38,Packaging,2005.43,2024-12-03
PO339,Supplier 45,IT Equipment,20436.22,2024-12-04
PO340,Supplier 8,Logistics,23542.35,2024-12-05
PO341,Supplier 27,Maintenance,16394.75,2024-12-06
PO342,Supplier 27,Maintenance,23886.87,2024-12-07
PO343,Supplier 34,IT Equipment,4210.09,2024-12-08
PO344,Supplier 21,Packaging,12196.7,2024-12-09
PO345,Supplier 30,Chemicals,15244.26,2024-12-10
PO346,Supplier 33,Maintenance,14752.55,2024-12-11
PO347,Supplier 28,Packaging,10335.81,2024-12-12
PO348,Supplier 47,IT Equipment,8783.07,2024-12-13
PO349,Supplier 33,Raw Materials,3607.19,2024-12-14
PO350,Supplier 5,Chemicals,10097.69,2024-12-15
PO351,Supplier 48,Logistics,4485.19,2024-12-16
PO352,Supplier 19,Maintenance,18491.96,2024-12-17
PO353,Supplier 4,Packaging,5616.36,2024-12-18
PO354,Supplier 35,Raw Materials,1934.85,2024-12-19
PO355,Supplier 49,Logistics,14032.97,2024-12-20
PO356,Supplier 17,Packaging,15083.13,2024-12-21
PO357,Supplier 44,Packaging,21861.87,2024-12-22
PO358,Supplier 28,Logistics,14636.05,2024-12-23
PO359,Supplier 30,Raw Materials,8964.28,2024-12-24
PO360,Supplier 29,IT Equipment,20173.79,2024-12-25
PO361,Supplier 46,Raw Materials,13736.83,2024-12-26
PO362,Supplier 6,Chemicals,2442.37,2024-12-27
PO363,Supplier 35,Maintenance,14363.34,2024-12-28
PO364,Supplier 41,Logistics,22746.45,2024-12-29
PO365,Supplier 37,IT Equipment,10209.66,2024-12-30
PO366,Supplier 24,Logistics,7759.98,2024-12-31
PO367,Supplier 29,Logistics,4015.0,2025-01-01
PO368,Supplier 49,Raw Materials,4210.42,2025-01-02
PO369,Supplier 46,Maintenance,11102.9,2025-01-03
PO370,Supplier 31,Chemicals,15094.16,2025-01-04
PO371,Supplier 35,Packaging,2475.08,2025-01-05
PO372,Supplier 33,Packaging,23519.43,2025-01-06
PO373,Supplier 21,Logistics,19000.77,2025-01-07
PO374,Supplier 32,Maintenance,14872.29,2025-01-08
PO375,Supplier 23,IT Equipment,20796.75,2025-01-09
PO376,Supplier 33,Raw Materials,2464.58,2025-01-10
PO377,Supplier 3,Maintenance,12182.55,2025-01-11
PO378,Supplier 18,Maintenance,15937.28,2025-01-12
PO379,Supplier 25,Raw Materials,20802.0,2025-01-13
PO380,Supplier 42,Logistics,19695.0,2025-01-14
PO381,Supplier 31,Maintenance,7288.2,2025-01-15
PO382,Supplier 3,Packaging,23551.56,2025-01-16
PO383,Supplier 40,Raw Materials,3546.47,2025-01-17
PO384,Supplier 46,IT Equipment,21940.77,2025-01-18
PO385,Supplier 24,Chemicals,24288.04,2025-01-19
PO386,Supplier 50,Logistics,4840.26,2025-01-20
PO387,Supplier 32,Raw Materials,18190.62,2025-01-21
PO388,Supplier 47,Chemicals,1487.0,2025-01-22
PO389,Supplier 22,Chemicals,10432.86,2025-01-23
PO390,Supplier 23,IT Equipment,13148.94,2025-01-24
PO391,Supplier 2,Maintenance,14725.81,2025-01-25
PO392,Supplier 27,IT Equipment,23430.46,2025-01-26
PO393,Supplier 42,Maintenance,16970.14,2025-01-27
PO394,Supplier 2,Maintenance,12291.31,2025-01-28
PO395,Supplier 26,Raw Materials,20337.04,2025-01-29
PO396,Supplier 17,Raw Materials,23788.05,2025-01-30
PO397,Supplier 40,Logistics,1040.62,2025-01-31
PO398,Supplier 33,Maintenance,24571.77,2025-02-01
PO399,Supplier 9,Chemicals,2610.24,2025-02-02
PO400,Supplier 43,Packaging,20452.48,2025-02-03
PO401,Supplier 48,Logistics,7368.2,2025-02-04
PO402,Supplier 39,Raw Materials,3738.4,2025-02-05
PO403,Supplier 29,IT Equipment,11276.46,2025-02-06
PO404,Supplier 42,Logistics,16276.94,2025-02-07
PO405,Supplier 26,Logistics,9833.32,2025-02-08
PO406,Supplier 35,Logistics,1836.85,2025-02-09
PO407,Supplier 50,Logistics,15186.8,2025-02-10
PO408,Supplier 25,Packaging,22608.88,2025-02-11
PO409,Supplier 24,IT Equipment,9888.78,2025-02-12
PO410,Supplier 13,IT Equipment,5800.15,2025-02-13
PO411,Supplier 7,IT Equipment,11343.14,2025-02-14
PO412,Supplier 36,Maintenance,1684.89,2025-02-15
PO413,Supplier 45,Chemicals,20601.95,2025-02-16
PO414,Supplier 20,IT Equipment,20745.35,2025-02-17
PO415,Supplier 1,Logistics,14906.01,2025-02-18
PO416,Supplier 8,Logistics,9151.02,2025-02-19
PO417,Supplier 46,IT Equipment,20094.69,2025-02-20
PO418,Supplier 16,IT Equipment,14089.83,2025-02-21
PO419,Supplier 14,Logistics,20735.34,2025-02-22
PO420,Supplier 12,Maintenance,15970.74,2025-02-23
PO421,Supplier 23,Raw Materials,19717.93,2025-02-24
PO422,Supplier 15,Raw Materials,15164.79,2025-02-25
PO423,Supplier 28,IT Equipment,10646.46,2025-02-26
PO424,Supplier 34,Packaging,23969.67,2025-02-27
PO425,Supplier 2,IT Equipment,13757.29,2025-02-28
PO426,Supplier 32,IT Equipment,15324.69,2025-03-01
PO427,Supplier 23,Raw Materials,5901.95,2025-03-02
PO428,Supplier 22,Logistics,15828.44,2025-03-03
PO429,Supplier 25,IT Equipment,14504.39,2025-03-04
PO430,Supplier 22,Logistics,5028.54,2025-03-05
PO431,Supplier 22,Logistics,1959.88,2025-03-06
PO432,Supplier 49,Packaging,15306.8,2025-03-07
PO433,Supplier 42,Logistics,19210.46,2025-03-08
PO434,Supplier 6,Raw Materials,13323.33,2025-03-09
PO435,Supplier 15,Maintenance,6055.93,2025-03-10
PO436,Supplier 43,Maintenance,16829.79,2025-03-11
PO437,Supplier 37,Chemicals,2462.59,2025-03-12
PO438,Supplier 33,IT Equipment,11324.93,2025-03-13
PO439,Supplier 8,Raw Materials,4502.49,2025-03-14
PO440,Supplier 44,Logistics,5019.25,2025-03-15
PO441,Supplier 44,Maintenance,5456.2,2025-03-16
PO442,Supplier 5,Raw Materials,9974.32,2025-03-17
PO443,Supplier 39,Maintenance,1753.18,2025-03-18
PO444,Supplier 4,Logistics,10245.94,2025-03-19
PO445,Supplier 6,Maintenance,13036.83,2025-03-20
PO446,Supplier 45,IT Equipment,12340.71,2025-03-21
PO447,Supplier 32,IT Equipment,9878.21,2025-03-22
PO448,Supplier 30,Chemicals,21059.09,2025-03-23
PO449,Supplier 47,Chemicals,4060.5,2025-03-24
PO450,Supplier 35,Maintenance,12889.57,2025-03-25
PO451,Supplier 40,Raw Materials,2020.01,2025-03-26
PO452,Supplier 16,IT Equipment,2243.31,2025-03-27
PO453,Supplier 13,Raw Materials,14559.71,2025-03-28
PO454,Supplier 50,Raw Materials,14367.45,2025-03-29
PO455,Supplier 42,Maintenance,22011.82,2025-03-30
PO456,Supplier 30,Raw Materials,14167.91,2025-03-31
PO457,Supplier 19,IT Equipment,24014.88,2025-04-01
PO458,Supplier 17,Logistics,1693.02,2025-04-02
PO459,Supplier 19,Chemicals,2901.19,2025-04-03
PO460,Supplier 28,Logistics,1579.61,2025-04-04
PO461,Supplier 26,Raw Materials,5039.28,2025-04-05
PO462,Supplier 37,Logistics,13761.12,2025-04-06
PO463,Supplier 26,IT Equipment,16316.52,2025-04-07
PO464,Supplier 23,IT Equipment,1616.84,2025-04-08
PO465,Supplier 9,Raw Materials,23676.29,2025-04-09
PO466,Supplier 12,Maintenance,21133.05,2025-04-10
PO467,Supplier 1,Logistics,7767.01,2025-04-11
PO468,Supplier 1,Maintenance,2391.09,2025-04-12
PO469,Supplier 47,Maintenance,4662.23,2025-04-13
PO470,Supplier 34,Packaging,3610.14,2025-04-14
PO471,Supplier 32,Raw Materials,3520.45,2025-04-15
PO472,Supplier 48,Chemicals,13204.76,2025-04-16
PO473,Supplier 25,IT Equipment,6523.26,2025-04-17
PO474,Supplier 40,IT Equipment,9274.42,2025-04-18
PO475,Supplier 45,Raw Materials,24742.88,2025-04-19
PO476,Supplier 1,Chemicals,17265.7,2025-04-20
PO477,Supplier 16,IT Equipment,23750.03,2025-04-21
PO478,Supplier 39,Raw Materials,3992.64,2025-04-22
PO479,Supplier 5,IT Equipment,9862.42,2025-04-23
PO480,Supplier 22,Maintenance,14090.93,2025-04-24
PO481,Supplier 29,Logistics,2380.57,2025-04-25
PO482,Supplier 3,Logistics,602.59,2025-04-26
PO483,Supplier 12,IT Equipment,16925.64,2025-04-27
PO484,Supplier 26,Packaging,16224.58,2025-04-28
PO485,Supplier 16,Chemicals,10564.33,2025-04-29
PO486,Supplier 37,Chemicals,12496.28,2025-04-30
PO487,Supplier 22,Chemicals,10678.35,2025-05-01
PO488,Supplier 29,Maintenance,1088.12,2025-05-02
PO489,Supplier 14,Chemicals,8716.6,2025-05-03
PO490,Supplier 28,Logistics,4838.52,2025-05-04
PO491,Supplier 5,Maintenance,2911.39,2025-05-05
PO492,Supplier 47,Raw Materials,23939.65,2025-05-06
PO493,Supplier 49,Chemicals,15184.31,2025-05-07
PO494,Supplier 30,Chemicals,18352.08,2025-05-08
PO495,Supplier 46,Raw Materials,8226.41,2025-05-09
PO496,Supplier 5,Chemicals,10132.1,2025-05-10
PO497,Supplier 12,Raw Materials,6304.64,2025-05-11
PO498,Supplier 16,Maintenance,2875.66,2025-05-12
PO499,Supplier 26,Logistics,4886.28,2025-05-13
PO500,Supplier 26,Raw Materials,20039.09,2025-05-14
PO501,Supplier 48,Packaging,17099.87,2025-05-15
PO502,Supplier 21,Raw Materials,13899.76,2025-05-16
PO503,Supplier 39,Chemicals,12139.7,2025-05-17
PO504,Supplier 36,Maintenance,23099.64,2025-05-18
PO505,Supplier 33,IT Equipment,2282.01,2025-05-19
PO506,Supplier 30,Maintenance,7374.72,2025-05-20
PO507,Supplier 37,IT Equipment,9073.48,2025-05-21
PO508,Supplier 23,Raw Materials,19669.43,2025-05-22
PO509,Supplier 10,Logistics,24816.61,2025-05-23
PO510,Supplier 5,Packaging,6396.43,2025-05-24
PO511,Supplier 36,Maintenance,21920.53,2025-05-25
PO512,Supplier 34,Chemicals,20850.26,2025-05-26
PO513,Supplier 31,IT Equipment,6004.11,2025-05-27
PO514,Supplier 10,Chemicals,10283.65,2025-05-28
PO515,Supplier 19,Logistics,10536.99,2025-05-29
PO516,Supplier 32,IT Equipment,24466.41,2025-05-30
PO517,Supplier 1,Maintenance,4931.85,2025-05-31
PO518,Supplier 5,Raw Materials,20079.37,2025-06-01
PO519,Supplier 45,Chemicals,8687.72,2025-06-02
PO520,Supplier 4,Logistics,18406.32,2025-06-03
PO521,Supplier 16,Maintenance,10790.27,2025-06-04
PO522,Supplier 24,Maintenance,14669.81,2025-06-05
PO523,Supplier 16,Maintenance,20898.99,2025-06-06
PO524,Supplier 2,Maintenance,20202.06,2025-06-07
PO525,Supplier 49,IT Equipment,21727.37,2025-06-08
PO526,Supplier 28,Maintenance,1960.62,2025-06-09
PO527,Supplier 32,Chemicals,17455.24,2025-06-10
PO528,Supplier 27,Logistics,3929.69,2025-06-11
PO529,Supplier 20,IT Equipment,10687.55,2025-06-12
PO530,Supplier 24,Maintenance,13940.42,2025-06-13
PO531,Supplier 12,Packaging,10367.12,2025-06-14
PO532,Supplier 50,Packaging,13230.49,2025-06-15
PO533,Supplier 35,Logistics,24914.89,2025-06-16
PO534,Supplier 33,Raw Materials,3812.82,2025-06-17
PO535,Supplier 33,Raw Materials,17048.67,2025-06-18
PO536,Supplier 43,IT Equipment,10202.02,2025-06-19
PO537,Supplier 37,IT Equipment,3758.74,2025-06-20
PO538,Supplier 12,IT Equipment,4389.05,2025-06-21
PO539,Supplier 3,Raw Materials,23757.19,2025-06-22
PO540,Supplier 1,Packaging,22050.24,2025-06-23
PO541,Supplier 33,Raw Materials,22722.53,2025-06-24
PO542,Supplier 40,Chemicals,24792.55,2025-06-25
PO543,Supplier 10,Maintenance,5603.73,2025-06-26
PO544,Supplier 43,IT Equipment,9208.26,2025-06-27
PO545,Supplier 44,Packaging,16895.87,2025-06-28
PO546,Supplier 29,Logistics,12353.16,2025-06-29
PO547,Supplier 13,Logistics,10750.54,2025-06-30
PO548,Supplier 12,Maintenance,9266.38,2025-07-01
PO549,Supplier 31,Packaging,15047.63,2025-07-02
PO550,Supplier 46,Raw Materials,14602.04,2025-07-03
PO551,Supplier 2,Raw Materials,4455.72,2025-07-04
PO552,Supplier 50,Chemicals,12057.63,2025-07-05
PO553,Supplier 35,Chemicals,14060.06,2025-07-06
PO554,Supplier 23,Raw Materials,14472.03,2025-07-07
PO555,Supplier 17,Logistics,5647.63,2025-07-08
PO556,Supplier 26,IT Equipment,18685.65,2025-07-09
PO557,Supplier 8,Logistics,1117.38,2025-07-10
PO558,Supplier 29,Chemicals,9193.38,2025-07-11
PO559,Supplier 26,Maintenance,19615.21,2025-07-12
PO560,Supplier 10,Raw Materials,14315.38,2025-07-13
PO561,Supplier 26,Chemicals,6898.48,2025-07-14
PO562,Supplier 34,Chemicals,17526.35,2025-07-15
PO563,Supplier 41,IT Equipment,14401.08,2025-07-16
PO564,Supplier 7,Raw Materials,20007.97,2025-07-17
PO565,Supplier 4,IT Equipment,18508.12,2025-07-18
PO566,Supplier 50,Raw Materials,15447.64,2025-07-19
PO567,Supplier 45,IT Equipment,12460.35,2025-07-20
PO568,Supplier 11,Logistics,3762.96,2025-07-21
PO569,Supplier 29,Maintenance,6902.66,2025-07-22
PO570,Supplier 36,Maintenance,10767.94,2025-07-23
PO571,Supplier 25,Raw Materials,15182.83,2025-07-24
PO572,Supplier 21,Packaging,13085.84,2025-07-25
PO573,Supplier 36,Chemicals,7560.52,2025-07-26
PO574,Supplier 10,Chemicals,658.38,2025-07-27
PO575,Supplier 37,Raw Materials,12657.86,2025-07-28
PO576,Supplier 9,IT Equipment,7497.84,2025-07-29
PO577,Supplier 24,Packaging,18497.9,2025-07-30
PO578,Supplier 35,Logistics,1086.68,2025-07-31
PO579,Supplier 49,IT Equipment,14828.28,2025-08-01
PO580,Supplier 35,IT Equipment,23566.12,2025-08-02
PO581,Supplier 48,Raw Materials,4773.03,2025-08-03
PO582,Supplier 36,Raw Materials,12055.41,2025-08-04
PO583,Supplier 18,Chemicals,2739.84,2025-08-05
PO584,Supplier 49,Raw Materials,15829.21,2025-08-06
PO585,Supplier 39,Raw Materials,13988.03,2025-08-07
PO586,Supplier 32,Raw Materials,10480.46,2025-08-08
PO587,Supplier 24,Chemicals,13273.74,2025-08-09
PO588,Supplier 23,Logistics,22466.08,2025-08-10
PO589,Supplier 32,Logistics,5309.21,2025-08-11
PO590,Supplier 37,Raw Materials,1052.83,2025-08-12
PO591,Supplier 12,Chemicals,21610.79,2025-08-13
PO592,Supplier 49,Logistics,14639.37,2025-08-14
PO593,Supplier 13,IT Equipment,22321.13,2025-08-15
PO594,Supplier 23,Logistics,15125.16,2025-08-16
PO595,Supplier 25,Logistics,20348.95,2025-08-17
PO596,Supplier 35,Chemicals,11027.0,2025-08-18
PO597,Supplier 41,IT Equipment,18871.57,2025-08-19
PO598,Supplier 30,Chemicals,22869.52,2025-08-20
PO599,Supplier 17,Raw Materials,14517.01,2025-08-21
PO600,Supplier 49,Maintenance,4929.24,2025-08-22
PO601,Supplier 20,Logistics,7085.54,2025-08-23
PO602,Supplier 48,Maintenance,5366.79,2025-08-24
PO603,Supplier 25,Chemicals,6548.0,2025-08-25
PO604,Supplier 22,Chemicals,8007.18,2025-08-26
PO605,Supplier 13,Chemicals,14100.78,2025-08-27
PO606,Supplier 19,Maintenance,14905.79,2025-08-28
PO607,Supplier 49,Chemicals,10949.24,2025-08-29
PO608,Supplier 36,Raw Materials,15577.81,2025-08-30
PO609,Supplier 12,Chemicals,2498.59,2025-08-31
PO610,Supplier 41,Packaging,2650.81,2025-09-01
PO611,Supplier 19,Maintenance,4709.82,2025-09-02
PO612,Supplier 12,Packaging,13192.9,2025-09-03
PO613,Supplier 9,Chemicals,5742.87,2025-09-04
PO614,Supplier 7,Raw Materials,7440.47,2025-09-05
PO615,Supplier 28,Logistics,10307.66,2025-09-06
PO616,Supplier 14,IT Equipment,20390.72,2025-09-07
PO617,Supplier 31,IT Equipment,839.62,2025-09-08
PO618,Supplier 19,Chemicals,16409.78,2025-09-09
PO619,Supplier 47,Raw Materials,16887.48,2025-09-10
PO620,Supplier 16,Maintenance,20067.07,2025-09-11
PO621,Supplier 5,Packaging,23352.45,2025-09-12
PO622,Supplier 35,Packaging,993.38,2025-09-13
PO623,Supplier 12,Packaging,4267.7,2025-09-14
PO624,Supplier 25,Maintenance,22211.2,2025-09-15
PO625,Supplier 21,IT Equipment,11733.7,2025-09-16
PO626,Supplier 36,Raw Materials,14332.47,2025-09-17
PO627,Supplier 23,Maintenance,16744.17,2025-09-18
PO628,Supplier 16,Packaging,17137.13,2025-09-19
PO629,Supplier 39,Chemicals,23327.64,2025-09-20
PO630,Supplier 45,Logistics,24925.26,2025-09-21
PO631,Supplier 42,Maintenance,18143.86,2025-09-22
PO632,Supplier 39,Maintenance,7536.92,2025-09-23
PO633,Supplier 14,Raw Materials,22053.93,2025-09-24
PO634,Supplier 31,Raw Materials,1705.91,2025-09-25
PO635,Supplier 5,Maintenance,6161.48,2025-09-26
PO636,Supplier 35,Packaging,22485.95,2025-09-27
PO637,Supplier 23,Logistics,6776.69,2025-09-28
PO638,Supplier 29,Raw Materials,5905.95,2025-09-29
PO639,Supplier 43,Packaging,3884.07,2025-09-30
PO640,Supplier 11,Chemicals,21548.24,2025-10-01
PO641,Supplier 18,Raw Materials,12751.43,2025-10-02
PO642,Supplier 47,Packaging,17034.88,2025-10-03
PO643,Supplier 12,Packaging,6357.13,2025-10-04
PO644,Supplier 9,Logistics,19071.99,2025-10-05
PO645,Supplier 10,Logistics,19120.14,2025-10-06
PO646,Supplier 44,Chemicals,8158.65,2025-10-07
PO647,Supplier 17,Packaging,10561.72,2025-10-08
PO648,Supplier 38,IT Equipment,5637.41,2025-10-09
PO649,Supplier 7,Packaging,24425.75,2025-10-10
PO650,Supplier 46,Logistics,16317.26,2025-10-11
PO651,Supplier 13,IT Equipment,23396.33,2025-10-12
PO652,Supplier 40,Raw Materials,7932.95,2025-10-13
PO653,Supplier 42,Raw Materials,19656.33,2025-10-14
PO654,Supplier 9,Maintenance,19263.54,2025-10-15
PO655,Supplier 50,Logistics,17445.56,2025-10-16
PO656,Supplier 27,Maintenance,24158.15,2025-10-17
PO657,Supplier 2,IT Equipment,10142.11,2025-10-18
PO658,Supplier 5,Logistics,3702.57,2025-10-19
PO659,Supplier 29,Chemicals,16956.87,2025-10-20
PO660,Supplier 37,Packaging,18368.09,2025-10-21
PO661,Supplier 38,Chemicals,14588.98,2025-10-22
PO662,Supplier 19,IT Equipment,5567.04,2025-10-23
PO663,Supplier 8,Logistics,12859.17,2025-10-24
PO664,Supplier 48,IT Equipment,8148.65,2025-10-25
PO665,Supplier 45,Packaging,10972.93,2025-10-26
PO666,Supplier 1,Raw Materials,16307.86,2025-10-27
PO667,Supplier 22,Raw Materials,18757.76,2025-10-28
PO668,Supplier 17,IT Equipment,6189.5,2025-10-29
PO669,Supplier 7,Maintenance,10430.47,2025-10-30
PO670,Supplier 25,Logistics,7094.46,2025-10-31
PO671,Supplier 45,Logistics,5366.47,2025-11-01
PO672,Supplier 4,Raw Materials,19692.99,2025-11-02
PO673,Supplier 36,Chemicals,22776.69,2025-11-03
PO674,Supplier 6,Packaging,9570.69,2025-11-04
PO675,Supplier 31,Chemicals,18906.33,2025-11-05
PO676,Supplier 19,Chemicals,22476.38,2025-11-06
PO677,Supplier 44,IT Equipment,21230.04,2025-11-07
PO678,Supplier 39,Raw Materials,4978.93,2025-11-08
PO679,Supplier 27,Raw Materials,23929.15,2025-11-09
PO680,Supplier 10,Raw Materials,9728.57,2025-11-10
PO681,Supplier 26,IT Equipment,8811.4,2025-11-11
PO682,Supplier 19,Maintenance,2029.57,2025-11-12
PO683,Supplier 39,Chemicals,12411.25,2025-11-13
PO684,Supplier 3,IT Equipment,3170.83,2025-11-14
PO685,Supplier 45,Logistics,6589.23,2025-11-15
PO686,Supplier 13,Packaging,8265.09,2025-11-16
PO687,Supplier 50,Maintenance,20316.24,2025-11-17
PO688,Supplier 28,Logistics,21949.47,2025-11-18
PO689,Supplier 20,Chemicals,7910.42,2025-11-19
PO690,Supplier 28,Raw Materials,21538.1,2025-11-20
PO691,Supplier 8,Chemicals,21502.16,2025-11-21
PO692,Supplier 41,IT Equipment,19233.95,2025-11-22
PO693,Supplier 39,Packaging,4094.03,2025-11-23
PO694,Supplier 1,IT Equipment,17412.91,2025-11-24
PO695,Supplier 3,Maintenance,23653.09,2025-11-25
PO696,Supplier 13,Maintenance,17222.24,2025-11-26
PO697,Supplier 28,Packaging,8624.61,2025-11-27
PO698,Supplier 49,Logistics,12764.19,2025-11-28
PO699,Supplier 25,Logistics,16320.26,2025-11-29
PO700,Supplier 33,Maintenance,13008.98,2025-11-30
PO701,Supplier 38,Maintenance,3438.85,2025-12-01
PO702,Supplier 6,Raw Materials,8145.57,2025-12-02
PO703,Supplier 44,Logistics,20158.7,2025-12-03
PO704,Supplier 45,Packaging,21604.74,2025-12-04
PO705,Supplier 32,Logistics,3863.85,2025-12-05
PO706,Supplier 45,Raw Materials,23833.48,2025-12-06
PO707,Supplier 47,IT Equipment,8556.15,2025-12-07
PO708,Supplier 21,Maintenance,16726.69,2025-12-08
PO709,Supplier 16,Maintenance,18919.72,2025-12-09
PO710,Supplier 21,Raw Materials,20392.68,2025-12-10
PO711,Supplier 11,Packaging,23670.87,2025-12-11
PO712,Supplier 37,Maintenance,8166.53,2025-12-12
PO713,Supplier 36,Chemicals,21533.41,2025-12-13
PO714,Supplier 35,Maintenance,3726.33,2025-12-14
PO715,Supplier 19,Chemicals,17773.5,2025-12-15
PO716,Supplier 20,Raw Materials,18678.45,2025-12-16
PO717,Supplier 18,Raw Materials,17104.22,2025-12-17
PO718,Supplier 47,Maintenance,6681.71,2025-12-18
PO719,Supplier 41,Logistics,21889.56,2025-12-19
PO720,Supplier 49,Chemicals,4637.03,2025-12-20
PO721,Supplier 14,Packaging,1814.05,2025-12-21
PO722,Supplier 15,Maintenance,18077.89,2025-12-22
PO723,Supplier 31,Packaging,12149.16,2025-12-23
PO724,Supplier 1,Maintenance,21302.9,2025-12-24
PO725,Supplier 3,Logistics,9893.23,2025-12-25
PO726,Supplier 16,Logistics,4622.83,2025-12-26
PO727,Supplier 23,Logistics,20992.83,2025-12-27
PO728,Supplier 11,IT Equipment,13948.29,2025-12-28
PO729,Supplier 12,Logistics,5135.3,2025-12-29
PO730,Supplier 10,Raw Materials,18149.41,2025-12-30
PO731,Supplier 32,Raw Materials,13022.28,2025-12-31
PO732,Supplier 16,IT Equipment,15305.67,2026-01-01
PO733,Supplier 8,Chemicals,11792.01,2026-01-02
PO734,Supplier 38,Packaging,20803.37,2026-01-03
PO735,Supplier 12,Maintenance,20824.29,2026-01-04
PO736,Supplier 24,Maintenance,17880.03,2026-01-05
PO737,Supplier 28,IT Equipment,3082.33,2026-01-06
PO738,Supplier 8,Raw Materials,21051.92,2026-01-07
PO739,Supplier 28,Maintenance,16939.82,2026-01-08
PO740,Supplier 36,Raw Materials,17577.09,2026-01-09
PO741,Supplier 26,Chemicals,9393.08,2026-01-10
PO742,Supplier 8,Packaging,22042.35,2026-01-11
PO743,Supplier 50,Chemicals,18271.6,2026-01-12
PO744,Supplier 28,IT Equipment,3258.47,2026-01-13
PO745,Supplier 28,Logistics,10490.56,2026-01-14
PO746,Supplier 37,Logistics,22216.32,2026-01-15
PO747,Supplier 41,Logistics,1656.32,2026-01-16
PO748,Supplier 36,Chemicals,24054.71,2026-01-17
PO749,Supplier 27,Maintenance,17139.48,2026-01-18
PO750,Supplier 17,Packaging,15968.71,2026-01-19
PO751,Supplier 9,Logistics,7128.7,2026-01-20
PO752,Supplier 33,IT Equipment,6595.4,2026-01-21
PO753,Supplier 20,IT Equipment,23580.43,2026-01-22
PO754,Supplier 13,Logistics,7807.68,2026-01-23
PO755,Supplier 28,Logistics,19499.88,2026-01-24
PO756,Supplier 48,Packaging,10131.48,2026-01-25
PO757,Supplier 29,Logistics,3911.72,2026-01-26
PO758,Supplier 13,Packaging,762.52,2026-01-27
PO759,Supplier 46,IT Equipment,13834.3,2026-01-28
PO760,Supplier 35,Logistics,24406.58,2026-01-29
PO761,Supplier 6,Chemicals,9543.84,2026-01-30
PO762,Supplier 18,Chemicals,9251.21,2026-01-31
PO763,Supplier 5,IT Equipment,8930.24,2026-02-01
PO764,Supplier 47,Packaging,13253.32,2026-02-02
PO765,Supplier 25,Chemicals,11296.29,2026-02-03
PO766,Supplier 2,Packaging,22057.91,2026-02-04
PO767,Supplier 10,Chemicals,12885.26,2026-02-05
PO768,Supplier 30,Chemicals,12940.07,2026-02-06
PO769,Supplier 50,Packaging,3890.1,2026-02-07
PO770,Supplier 45,Maintenance,24577.12,2026-02-08
PO771,Supplier 5,Chemicals,6624.34,2026-02-09
PO772,Supplier 33,Logistics,2297.42,2026-02-10
PO773,Supplier 1,IT Equipment,16747.08,2026-02-11
PO774,Supplier 18,Maintenance,15086.48,2026-02-12
PO775,Supplier 32,Packaging,10671.07,2026-02-13
PO776,Supplier 47,Maintenance,10843.71,2026-02-14
PO777,Supplier 49,Raw Materials,19734.07,2026-02-15
PO778,Supplier 11,Raw Materials,5294.96,2026-02-16
PO779,Supplier 21,Chemicals,20596.21,2026-02-17
PO780,Supplier 26,Chemicals,16394.3,2026-02-18
PO781,Supplier 25,Logistics,10764.76,2026-02-19
PO782,Supplier 22,IT Equipment,11721.7,2026-02-20
PO783,Supplier 27,Maintenance,6787.86,2026-02-21
PO784,Supplier 49,Raw Materials,18926.8,2026-02-22
PO785,Supplier 13,Chemicals,13065.43,2026-02-23
PO786,Supplier 33,IT Equipment,8360.94,2026-02-24
PO787,Supplier 34,Maintenance,15103.23,2026-02-25
PO788,Supplier 41,Chemicals,24895.49,2026-02-26
PO789,Supplier 35,Chemicals,11163.93,2026-02-27
PO790,Supplier 1,Raw Materials,23056.94,2026-02-28
PO791,Supplier 21,Raw Materials,8952.91,2026-03-01
PO792,Supplier 48,Chemicals,1840.95,2026-03-02
PO793,Supplier 6,Packaging,5503.93,2026-03-03
PO794,Supplier 28,Chemicals,10758.03,2026-03-04
PO795,Supplier 17,IT Equipment,5881.06,2026-03-05
PO796,Supplier 5,Chemicals,505.56,2026-03-06
PO797,Supplier 31,Logistics,22917.54,2026-03-07
PO798,Supplier 5,Logistics,21175.05,2026-03-08
PO799,Supplier 38,Logistics,18686.16,2026-03-09
PO800,Supplier 3,Packaging,4611.46,2026-03-10
PO801,Supplier 23,Packaging,3448.91,2026-03-11
PO802,Supplier 37,Chemicals,2156.32,2026-03-12
PO803,Supplier 37,Logistics,18238.72,2026-03-13
PO804,Supplier 10,Packaging,23255.8,2026-03-14
PO805,Supplier 10,Raw Materials,11048.13,2026-03-15
PO806,Supplier 19,Chemicals,3418.95,2026-03-16
PO807,Supplier 17,IT Equipment,13053.62,2026-03-17
PO808,Supplier 21,Maintenance,9046.38,2026-03-18
PO809,Supplier 14,Chemicals,9683.21,2026-03-19
PO810,Supplier 9,Maintenance,15722.6,2026-03-20
PO811,Supplier 46,Logistics,18108.59,2026-03-21
PO812,Supplier 1,Maintenance,3209.79,2026-03-22
PO813,Supplier 45,Logistics,1371.96,2026-03-23
PO814,Supplier 13,Raw Materials,24861.09,2026-03-24
PO815,Supplier 4,Maintenance,6201.84,2026-03-25
PO816,Supplier 1,Chemicals,1818.85,2026-03-26
PO817,Supplier 49,Logistics,5151.95,2026-03-27
PO818,Supplier 40,Chemicals,1454.47,2026-03-28
PO819,Supplier 32,Packaging,10099.37,2026-03-29
PO820,Supplier 34,Logistics,20158.84,2026-03-30
PO821,Supplier 28,Maintenance,8860.49,2026-03-31
PO822,Supplier 31,Logistics,11382.49,2026-04-01
PO823,Supplier 8,Chemicals,17051.88,2026-04-02
PO824,Supplier 39,Raw Materials,12967.9,2026-04-03
PO825,Supplier 26,Logistics,21605.42,2026-04-04
PO826,Supplier 34,Maintenance,21717.87,2026-04-05
PO827,Supplier 3,Packaging,742.81,2026-04-06
PO828,Supplier 50,IT Equipment,19562.13,2026-04-07
PO829,Supplier 12,Raw Materials,11787.97,2026-04-08
PO830,Supplier 1,Packaging,24726.59,2026-04-09
PO831,Supplier 44,Logistics,12339.19,2026-04-10
PO832,Supplier 5,Chemicals,24678.95,2026-04-11
PO833,Supplier 30,Chemicals,18986.95,2026-04-12
PO834,Supplier 30,Maintenance,6590.82,2026-04-13
PO835,Supplier 17,Chemicals,13690.68,2026-04-14
PO836,Supplier 48,Raw Materials,24807.32,2026-04-15
PO837,Supplier 47,Chemicals,21509.5,2026-04-16
PO838,Supplier 23,Maintenance,2885.49,2026-04-17
PO839,Supplier 15,IT Equipment,17806.11,2026-04-18
PO840,Supplier 37,Logistics,8966.7,2026-04-19
PO841,Supplier 21,Logistics,671.07,2026-04-20
PO842,Supplier 14,Chemicals,10385.28,2026-04-21
PO843,Supplier 2,Packaging,6251.48,2026-04-22
PO844,Supplier 11,Logistics,20562.3,2026-04-23
PO845,Supplier 39,IT Equipment,8764.6,2026-04-24
PO846,Supplier 38,Chemicals,20774.33,2026-04-25
PO847,Supplier 34,Maintenance,514.65,2026-04-26
PO848,Supplier 38,IT Equipment,8041.57,2026-04-27
PO849,Supplier 50,Chemicals,6408.55,2026-04-28
PO850,Supplier 34,IT Equipment,6222.4,2026-04-29
PO851,Supplier 18,Logistics,2170.57,2026-04-30
PO852,Supplier 30,Maintenance,5084.54,2026-05-01
PO853,Supplier 15,Chemicals,14110.96,2026-05-02
PO854,Supplier 27,Raw Materials,7638.35,2026-05-03
PO855,Supplier 34,Maintenance,10726.17,2026-05-04
PO856,Supplier 38,Raw Materials,9733.24,2026-05-05
PO857,Supplier 33,IT Equipment,21959.67,2026-05-06
PO858,Supplier 24,Packaging,22679.83,2026-05-07
PO859,Supplier 15,Maintenance,12577.45,2026-05-08
PO860,Supplier 30,IT Equipment,8588.82,2026-05-09
PO861,Supplier 42,Raw Materials,3116.62,2026-05-10
PO862,Supplier 17,Logistics,23858.37,2026-05-11
PO863,Supplier 5,Logistics,1975.56,2026-05-12
PO864,Supplier 29,Packaging,7792.43,2026-05-13
PO865,Supplier 4,Maintenance,7802.62,2026-05-14
PO866,Supplier 10,Maintenance,8349.83,2026-05-15
PO867,Supplier 17,Maintenance,4525.03,2026-05-16
PO868,Supplier 10,IT Equipment,19687.46,2026-05-17
PO869,Supplier 17,Packaging,3501.2,2026-05-18
PO870,Supplier 20,Maintenance,16055.21,2026-05-19
PO871,Supplier 24,IT Equipment,3534.23,2026-05-20
PO872,Supplier 5,Logistics,2228.12,2026-05-21
PO873,Supplier 34,Raw Materials,22781.02,2026-05-22
PO874,Supplier 6,IT Equipment,5158.15,2026-05-23
PO875,Supplier 2,Logistics,20620.63,2026-05-24
PO876,Supplier 13,Logistics,13843.46,2026-05-25
PO877,Supplier 43,Raw Materials,2407.48,2026-05-26
PO878,Supplier 43,Logistics,23908.48,2026-05-27
PO879,Supplier 48,Packaging,6550.55,2026-05-28
PO880,Supplier 11,Raw Materials,21561.31,2026-05-29
PO881,Supplier 47,Logistics,4635.85,2026-05-30
PO882,Supplier 23,Chemicals,21421.6,2026-05-31
PO883,Supplier 16,IT Equipment,824.11,2026-06-01
PO884,Supplier 31,Logistics,13038.62,2026-06-02
PO885,Supplier 11,Packaging,19351.34,2026-06-03
PO886,Supplier 16,Maintenance,23402.49,2026-06-04
PO887,Supplier 8,Logistics,22775.45,2026-06-05
PO888,Supplier 4,Maintenance,20580.81,2026-06-06
PO889,Supplier 40,Chemicals,22260.69,2026-06-07
PO890,Supplier 4,Logistics,5380.88,2026-06-08
PO891,Supplier 25,Raw Materials,7462.52,2026-06-09
PO892,Supplier 3,Maintenance,7579.73,2026-06-10
PO893,Supplier 32,Chemicals,9737.82,2026-06-11
PO894,Supplier 3,Raw Materials,10136.36,2026-06-12
PO895,Supplier 27,Raw Materials,13841.61,2026-06-13
PO896,Supplier 29,Raw Materials,4417.05,2026-06-14
PO897,Supplier 32,Raw Materials,17435.54,2026-06-15
PO898,Supplier 50,Logistics,4605.38,2026-06-16
PO899,Supplier 19,IT Equipment,8102.56,2026-06-17
PO900,Supplier 21,Logistics,12831.96,2026-06-18
PO901,Supplier 5,Logistics,20012.79,2026-06-19
PO902,Supplier 18,Chemicals,18617.0,2026-06-20
PO903,Supplier 28,Chemicals,16315.59,2026-06-21
PO904,Supplier 42,IT Equipment,4316.44,2026-06-22
PO905,Supplier 22,Chemicals,13902.61,2026-06-23
PO906,Supplier 21,Packaging,2642.44,2026-06-24
PO907,Supplier 6,IT Equipment,9745.4,2026-06-25
PO908,Supplier 1,Chemicals,10631.15,2026-06-26
PO909,Supplier 5,IT Equipment,1475.38,2026-06-27
PO910,Supplier 41,Logistics,7212.71,2026-06-28
PO911,Supplier 12,Logistics,23913.41,2026-06-29
PO912,Supplier 26,IT Equipment,23864.0,2026-06-30
PO913,Supplier 46,Packaging,9132.01,2026-07-01
PO914,Supplier 34,Packaging,1555.95,2026-07-02
PO915,Supplier 49,IT Equipment,4887.83,2026-07-03
PO916,Supplier 14,Chemicals,10109.34,2026-07-04
PO917,Supplier 26,Maintenance,23720.6,2026-07-05
PO918,Supplier 45,Packaging,3959.38,2026-07-06
PO919,Supplier 27,Raw Materials,19206.14,2026-07-07
PO920,Supplier 9,Logistics,3162.72,2026-07-08
PO921,Supplier 26,IT Equipment,24540.81,2026-07-09
PO922,Supplier 47,Raw Materials,9849.6,2026-07-10
PO923,Supplier 22,IT Equipment,19493.25,2026-07-11
PO924,Supplier 47,Logistics,8893.48,2026-07-12
PO925,Supplier 30,Logistics,15877.89,2026-07-13
PO926,Supplier 43,Packaging,5204.39,2026-07-14
PO927,Supplier 48,Packaging,4077.51,2026-07-15
PO928,Supplier 17,Raw Materials,23482.57,2026-07-16
PO929,Supplier 26,IT Equipment,22982.36,2026-07-17
PO930,Supplier 36,Logistics,22242.99,2026-07-18
PO931,Supplier 1,Raw Materials,15823.12,2026-07-19
PO932,Supplier 8,Maintenance,20302.57,2026-07-20
PO933,Supplier 49,Raw Materials,2191.4,2026-07-21
PO934,Supplier 35,Chemicals,8702.33,2026-07-22
PO935,Supplier 15,Raw Materials,8185.73,2026-07-23
PO936,Supplier 47,Chemicals,16073.31,2026-07-24
PO937,Supplier 22,Chemicals,9220.97,2026-07-25
PO938,Supplier 14,Chemicals,4138.42,2026-07-26
PO939,Supplier 26,Maintenance,15113.44,2026-07-27
PO940,Supplier 28,Raw Materials,20452.41,2026-07-28
PO941,Supplier 23,Raw Materials,9862.03,2026-07-29
PO942,Supplier 14,Maintenance,3740.58,2026-07-30
PO943,Supplier 24,Logistics,5318.86,2026-07-31
PO944,Supplier 2,Packaging,6318.34,2026-08-01
PO945,Supplier 45,Raw Materials,7847.49,2026-08-02
PO946,Supplier 26,Packaging,16248.48,2026-08-03
PO947,Supplier 14,IT Equipment,15223.16,2026-08-04
PO948,Supplier 7,IT Equipment,17553.96,2026-08-05
PO949,Supplier 3,Maintenance,9381.3,2026-08-06
PO950,Supplier 47,IT Equipment,20687.94,2026-08-07
PO951,Supplier 23,IT Equipment,5500.15,2026-08-08
PO952,Supplier 46,Logistics,11991.5,2026-08-09
PO953,Supplier 43,Logistics,20123.0,2026-08-10
PO954,Supplier 47,Logistics,4913.89,2026-08-11
PO955,Supplier 45,IT Equipment,3191.65,2026-08-12
PO956,Supplier 18,Maintenance,22150.26,2026-08-13
PO957,Supplier 38,Chemicals,8901.78,2026-08-14
PO958,Supplier 35,Chemicals,17254.82,2026-08-15
PO959,Supplier 15,Packaging,1121.04,2026-08-16
PO960,Supplier 25,Chemicals,17406.15,2026-08-17
PO961,Supplier 37,Chemicals,8244.48,2026-08-18
PO962,Supplier 28,Logistics,1865.65,2026-08-19
PO963,Supplier 10,Logistics,15440.41,2026-08-20
PO964,Supplier 39,IT Equipment,6399.69,2026-08-21
PO965,Supplier 17,Packaging,9976.78,2026-08-22
PO966,Supplier 39,Raw Materials,2474.23,2026-08-23
PO967,Supplier 22,Packaging,4105.5,2026-08-24
PO968,Supplier 26,Packaging,7800.44,2026-08-25
PO969,Supplier 44,Maintenance,2699.11,2026-08-26
PO970,Supplier 25,IT Equipment,22815.24,2026-08-27
PO971,Supplier 17,Maintenance,648.15,2026-08-28
PO972,Supplier 13,Packaging,12354.58,2026-08-29
PO973,Supplier 20,Packaging,3519.56,2026-08-30
PO974,Supplier 25,Packaging,8038.14,2026-08-31
PO975,Supplier 4,Chemicals,23188.46,2026-09-01
PO976,Supplier 10,Maintenance,4461.52,2026-09-02
PO977,Supplier 3,Packaging,24162.89,2026-09-03
PO978,Supplier 41,Logistics,5541.96,2026-09-04
PO979,Supplier 45,IT Equipment,18668.37,2026-09-05
PO980,Supplier 18,IT Equipment,13893.59,2026-09-06
PO981,Supplier 47,Logistics,22169.73,2026-09-07
PO982,Supplier 36,IT Equipment,14072.83,2026-09-08
PO983,Supplier 47,Chemicals,13596.7,2026-09-09
PO984,Supplier 22,Chemicals,5288.72,2026-09-10
PO985,Supplier 34,Raw Materials,4572.62,2026-09-11
PO986,Supplier 47,Raw Materials,22953.98,2026-09-12
PO987,Supplier 8,Raw Materials,8532.04,2026-09-13
PO988,Supplier 40,IT Equipment,9616.02,2026-09-14
PO989,Supplier 49,Chemicals,19115.68,2026-09-15
PO990,Supplier 44,Chemicals,8801.18,2026-09-16
PO991,Supplier 19,Chemicals,23825.53,2026-09-17
PO992,Supplier 42,Logistics,18579.23,2026-09-18
PO993,Supplier 41,Chemicals,15137.02,2026-09-19
PO994,Supplier 37,Logistics,22081.93,2026-09-20
PO995,Supplier 6,Raw Materials,1715.34,2026-09-21
PO996,Supplier 26,Raw Materials,6798.04,2026-09-22
PO997,Supplier 34,IT Equipment,11893.39,2026-09-23
PO998,Supplier 45,Raw Materials,6060.97,2026-09-24
PO999,Supplier 6,IT Equipment,18725.68,2026-09-25
PO1000,Supplier 37,Packaging,23020.6,2026-09-26
PO1001,Supplier 33,Packaging,10882.37,2026-09-27
PO1002,Supplier 22,Maintenance,8882.25,2026-09-28
PO1003,Supplier 21,IT Equipment,24057.99,2026-09-29
PO1004,Supplier 6,Maintenance,11398.88,2026-09-30
PO1005,Supplier 6,Maintenance,12481.69,2026-10-01
PO1006,Supplier 48,Packaging,9115.42,2026-10-02
PO1007,Supplier 4,IT Equipment,22783.94,2026-10-03
PO1008,Supplier 30,Packaging,14439.41,2026-10-04
PO1009,Supplier 11,Maintenance,19173.28,2026-10-05
PO1010,Supplier 30,IT Equipment,20389.26,2026-10-06
PO1011,Supplier 31,Maintenance,8875.3,2026-10-07
PO1012,Supplier 24,Chemicals,11125.51,2026-10-08
PO1013,Supplier 9,IT Equipment,21287.56,2026-10-09
PO1014,Supplier 3,IT Equipment,9399.76,2026-10-10
PO1015,Supplier 31,Maintenance,19951.41,2026-10-11
PO1016,Supplier 40,Chemicals,23554.31,2026-10-12
PO1017,Supplier 37,Logistics,15768.65,2026-10-13
PO1018,Supplier 36,Packaging,18669.87,2026-10-14
PO1019,Supplier 24,Maintenance,20224.88,2026-10-15
PO1020,Supplier 31,IT Equipment,21203.47,2026-10-16
PO1021,Supplier 6,Packaging,10178.81,2026-10-17
PO1022,Supplier 2,Packaging,1755.95,2026-10-18
PO1023,Supplier 20,Packaging,10345.97,2026-10-19
PO1024,Supplier 28,Logistics,17007.03,2026-10-20
PO1025,Supplier 11,Raw Materials,11533.58,2026-10-21
PO1026,Supplier 4,Maintenance,18849.6,2026-10-22
PO1027,Supplier 15,Raw Materials,9246.07,2026-10-23
PO1028,Supplier 6,Raw Materials,16051.23,2026-10-24
PO1029,Supplier 49,Raw Materials,5067.29,2026-10-25
PO1030,Supplier 30,Packaging,18859.55,2026-10-26
PO1031,Supplier 38,Chemicals,13869.55,2026-10-27
PO1032,Supplier 2,Packaging,5499.58,2026-10-28
PO1033,Supplier 15,Packaging,7651.82,2026-10-29
PO1034,Supplier 11,IT Equipment,18840.91,2026-10-30
PO1035,Supplier 8,IT Equipment,12323.73,2026-10-31
PO1036,Supplier 26,Raw Materials,5792.77,2026-11-01
PO1037,Supplier 45,Packaging,24198.14,2026-11-02
PO1038,Supplier 44,Raw Materials,18020.56,2026-11-03
PO1039,Supplier 5,IT Equipment,23949.8,2026-11-04
PO1040,Supplier 6,Chemicals,10964.07,2026-11-05
PO1041,Supplier 26,Maintenance,12139.96,2026-11-06
PO1042,Supplier 4,Raw Materials,22499.9,2026-11-07
PO1043,Supplier 19,Chemicals,13363.71,2026-11-08
PO1044,Supplier 20,Maintenance,17828.33,2026-11-09
PO1045,Supplier 33,Logistics,6678.24,2026-11-10
PO1046,Supplier 20,Raw Materials,11444.8,2026-11-11
PO1047,Supplier 49,Raw Materials,3524.52,2026-11-12
PO1048,Supplier 12,Logistics,5546.51,2026-11-13
PO1049,Supplier 47,Logistics,523.11,2026-11-14
PO1050,Supplier 1,Raw Materials,1461.99,2026-11-15
PO1051,Supplier 26,Logistics,24443.45,2026-11-16
PO1052,Supplier 14,Packaging,6437.67,2026-11-17
PO1053,Supplier 38,Maintenance,16751.11,2026-11-18
PO1054,Supplier 37,Maintenance,21057.94,2026-11-19
PO1055,Supplier 11,Maintenance,13991.18,2026-11-20
PO1056,Supplier 36,Packaging,4252.04,2026-11-21
PO1057,Supplier 13,Logistics,18338.85,2026-11-22
PO1058,Supplier 43,Chemicals,15206.16,2026-11-23
PO1059,Supplier 3,Logistics,18415.64,2026-11-24
PO1060,Supplier 33,Raw Materials,19358.79,2026-11-25
PO1061,Supplier 6,IT Equipment,24397.55,2026-11-26
PO1062,Supplier 50,Maintenance,14552.3,2026-11-27
PO1063,Supplier 10,Logistics,8870.21,2026-11-28
PO1064,Supplier 5,Chemicals,16387.38,2026-11-29
PO1065,Supplier 23,Raw Materials,2176.8,2026-11-30
PO1066,Supplier 10,Packaging,22486.23,2026-12-01
PO1067,Supplier 44,Packaging,3424.83,2026-12-02
PO1068,Supplier 2,Chemicals,8532.15,2026-12-03
PO1069,Supplier 13,Raw Materials,20485.76,2026-12-04
PO1070,Supplier 40,Maintenance,15134.15,2026-12-05
PO1071,Supplier 2,Logistics,10144.07,2026-12-06
PO1072,Supplier 20,Raw Materials,12099.17,2026-12-07
PO1073,Supplier 1,Packaging,21436.41,2026-12-08
PO1074,Supplier 37,Chemicals,8830.11,2026-12-09
PO1075,Supplier 9,Chemicals,21806.42,2026-12-10
PO1076,Supplier 17,Logistics,2659.29,2026-12-11
PO1077,Supplier 9,Chemicals,19531.56,2026-12-12
PO1078,Supplier 11,Chemicals,21264.92,2026-12-13
PO1079,Supplier 15,Raw Materials,4954.53,2026-12-14
PO1080,Supplier 24,Maintenance,11043.49,2026-12-15
PO1081,Supplier 38,Logistics,4554.74,2026-12-16
PO1082,Supplier 35,Raw Materials,17811.8,2026-12-17
PO1083,Supplier 30,Maintenance,13616.02,2026-12-18
PO1084,Supplier 31,Raw Materials,16065.42,2026-12-19
PO1085,Supplier 49,IT Equipment,5313.93,2026-12-20
PO1086,Supplier 5,Raw Materials,5687.77,2026-12-21
PO1087,Supplier 44,Chemicals,1516.68,2026-12-22
PO1088,Supplier 50,Maintenance,8390.65,2026-12-23
PO1089,Supplier 14,Logistics,14213.74,2026-12-24
PO1090,Supplier 11,Logistics,21519.41,2026-12-25
PO1091,Supplier 9,Maintenance,16839.72,2026-12-26
PO1092,Supplier 34,Chemicals,11167.21,2026-12-27
PO1093,Supplier 12,Packaging,23851.44,2026-12-28
PO1094,Supplier 35,Raw Materials,18121.51,2026-12-29
PO1095,Supplier 35,Chemicals,23289.05,2026-12-30
PO1096,Supplier 1,IT Equipment,13425.91,2026-12-31
PO1097,Supplier 40,Maintenance,6843.15,2027-01-01
PO1098,Supplier 22,Raw Materials,1794.25,2027-01-02
PO1099,Supplier 29,Logistics,18289.08,2027-01-03
PO1100,Supplier 8,Packaging,3471.92,2027-01-04
PO1101,Supplier 11,IT Equipment,7917.99,2027-01-05
PO1102,Supplier 41,Logistics,13545.54,2027-01-06
PO1103,Supplier 37,Maintenance,14328.21,2027-01-07
PO1104,Supplier 14,Raw Materials,15214.29,2027-01-08
PO1105,Supplier 30,Maintenance,4573.26,2027-01-09
PO1106,Supplier 35,Raw Materials,9803.57,2027-01-10
PO1107,Supplier 21,Chemicals,15621.26,2027-01-11
PO1108,Supplier 37,Packaging,24260.56,2027-01-12
PO1109,Supplier 5,Chemicals,18326.96,2027-01-13
PO1110,Supplier 19,Chemicals,23103.79,2027-01-14
PO1111,Supplier 14,Maintenance,19174.2,2027-01-15
PO1112,Supplier 26,Packaging,14997.07,2027-01-16
PO1113,Supplier 4,Raw Materials,5204.57,2027-01-17
PO1114,Supplier 25,Raw Materials,16833.8,2027-01-18
PO1115,Supplier 45,IT Equipment,15772.8,2027-01-19
PO1116,Supplier 42,Logistics,15260.49,2027-01-20
PO1117,Supplier 25,IT Equipment,12499.75,2027-01-21
PO1118,Supplier 18,IT Equipment,13452.09,2027-01-22
PO1119,Supplier 40,Raw Materials,8693.84,2027-01-23
PO1120,Supplier 8,Maintenance,13223.16,2027-01-24
PO1121,Supplier 39,Chemicals,5340.12,2027-01-25
PO1122,Supplier 40,Chemicals,20226.77,2027-01-26
PO1123,Supplier 14,Chemicals,5051.54,2027-01-27
PO1124,Supplier 32,Packaging,2581.67,2027-01-28
PO1125,Supplier 38,Raw Materials,11188.03,2027-01-29
PO1126,Supplier 33,Maintenance,16628.53,2027-01-30
PO1127,Supplier 23,Packaging,11224.06,2027-01-31
PO1128,Supplier 15,Logistics,7280.48,2027-02-01
PO1129,Supplier 33,Maintenance,14175.19,2027-02-02
PO1130,Supplier 25,IT Equipment,9001.56,2027-02-03
PO1131,Supplier 17,Maintenance,23355.26,2027-02-04
PO1132,Supplier 33,Maintenance,23104.81,2027-02-05
PO1133,Supplier 47,Chemicals,12808.11,2027-02-06
PO1134,Supplier 2,Maintenance,8533.16,2027-02-07
PO1135,Supplier 14,IT Equipment,18559.74,2027-02-08
PO1136,Supplier 40,IT Equipment,1399.47,2027-02-09
PO1137,Supplier 40,Raw Materials,12131.84,2027-02-10
PO1138,Supplier 39,Maintenance,8739.92,2027-02-11
PO1139,Supplier 6,Chemicals,23053.13,2027-02-12
PO1140,Supplier 6,Maintenance,794.07,2027-02-13
PO1141,Supplier 3,Logistics,14043.96,2027-02-14
PO1142,Supplier 7,Logistics,18646.26,2027-02-15
PO1143,Supplier 8,Chemicals,12382.94,2027-02-16
PO1144,Supplier 42,Raw Materials,2592.37,2027-02-17
PO1145,Supplier 15,Raw Materials,24325.3,2027-02-18
PO1146,Supplier 47,IT Equipment,13191.26,2027-02-19
PO1147,Supplier 29,IT Equipment,15547.56,2027-02-20
PO1148,Supplier 33,Packaging,6296.94,2027-02-21
PO1149,Supplier 30,Chemicals,12345.7,2027-02-22
PO1150,Supplier 39,Maintenance,11014.16,2027-02-23
PO1151,Supplier 27,Chemicals,2334.95,2027-02-24
PO1152,Supplier 36,Packaging,3100.93,2027-02-25
PO1153,Supplier 29,IT Equipment,21018.08,2027-02-26
PO1154,Supplier 38,Chemicals,6375.59,2027-02-27
PO1155,Supplier 33,Chemicals,5276.48,2027-02-28
PO1156,Supplier 37,IT Equipment,12870.33,2027-03-01
PO1157,Supplier 27,Packaging,19334.3,2027-03-02
PO1158,Supplier 33,IT Equipment,2017.69,2027-03-03
PO1159,Supplier 4,Raw Materials,14631.79,2027-03-04
PO1160,Supplier 22,Maintenance,3420.66,2027-03-05
PO1161,Supplier 2,IT Equipment,1393.3,2027-03-06
PO1162,Supplier 10,Packaging,1792.23,2027-03-07
PO1163,Supplier 5,Logistics,20937.02,2027-03-08
PO1164,Supplier 10,Raw Materials,3390.33,2027-03-09
PO1165,Supplier 33,Logistics,1606.21,2027-03-10
PO1166,Supplier 38,IT Equipment,11228.55,2027-03-11
PO1167,Supplier 13,Raw Materials,21177.84,2027-03-12
PO1168,Supplier 31,Maintenance,6929.01,2027-03-13
PO1169,Supplier 47,IT Equipment,10831.96,2027-03-14
PO1170,Supplier 36,Maintenance,1478.1,2027-03-15
PO1171,Supplier 45,Chemicals,11502.42,2027-03-16
PO1172,Supplier 24,Logistics,14651.52,2027-03-17
PO1173,Supplier 15,Raw Materials,14487.22,2027-03-18
PO1174,Supplier 29,Maintenance,8644.45,2027-03-19
PO1175,Supplier 8,Packaging,8230.56,2027-03-20
PO1176,Supplier 5,Maintenance,3112.28,2027-03-21
PO1177,Supplier 29,Packaging,9486.56,2027-03-22
PO1178,Supplier 47,IT Equipment,2937.62,2027-03-23
PO1179,Supplier 4,Raw Materials,19281.6,2027-03-24
PO1180,Supplier 12,Maintenance,24173.72,2027-03-25
PO1181,Supplier 45,Maintenance,24266.82,2027-03-26
PO1182,Supplier 2,Raw Materials,21694.24,2027-03-27
PO1183,Supplier 27,Maintenance,15219.41,2027-03-28
PO1184,Supplier 31,Packaging,17671.21,2027-03-29
PO1185,Supplier 36,Maintenance,7487.54,2027-03-30
PO1186,Supplier 36,Logistics,15953.88,2027-03-31
PO1187,Supplier 26,IT Equipment,11663.41,2027-04-01
PO1188,Supplier 43,Chemicals,12309.42,2027-04-02
PO1189,Supplier 27,Packaging,19065.53,2027-04-03
PO1190,Supplier 5,Logistics,7407.0,2027-04-04
PO1191,Supplier 20,IT Equipment,8291.97,2027-04-05
PO1192,Supplier 11,Raw Materials,23153.72,2027-04-06
PO1193,Supplier 10,Packaging,1877.5,2027-04-07
PO1194,Supplier 40,Chemicals,12398.04,2027-04-08
PO1195,Supplier 38,IT Equipment,22863.62,2027-04-09
PO1196,Supplier 6,Chemicals,15453.89,2027-04-10
PO1197,Supplier 8,Raw Materials,13886.97,2027-04-11
PO1198,Supplier 23,Raw Materials,6618.73,2027-04-12
PO1199,Supplier 47,Packaging,8910.25,2027-04-13
PO1200,Supplier 26,Maintenance,21375.19,2027-04-14
PO1201,Supplier 46,Raw Materials,14200.84,2027-04-15
PO1202,Supplier 43,IT Equipment,13111.18,2027-04-16
PO1203,Supplier 12,Maintenance,2939.7,2027-04-17
PO1204,Supplier 26,Logistics,892.69,2027-04-18
PO1205,Supplier 13,Chemicals,24110.29,2027-04-19
PO1206,Supplier 40,Maintenance,9736.16,2027-04-20
PO1207,Supplier 18,Chemicals,15278.72,2027-04-21
PO1208,Supplier 25,Maintenance,2453.02,2027-04-22
PO1209,Supplier 33,Logistics,17236.3,2027-04-23
PO1210,Supplier 47,Raw Materials,23347.88,2027-04-24
PO1211,Supplier 40,Logistics,14603.8,2027-04-25
PO1212,Supplier 43,Raw Materials,3589.83,2027-04-26
PO1213,Supplier 12,Raw Materials,14752.18,2027-04-27
PO1214,Supplier 44,Chemicals,19275.51,2027-04-28
PO1215,Supplier 36,IT Equipment,10457.21,2027-04-29
PO1216,Supplier 48,Logistics,22056.02,2027-04-30
PO1217,Supplier 4,Maintenance,16392.73,2027-05-01
PO1218,Supplier 5,Logistics,22531.6,2027-05-02
PO1219,Supplier 37,Chemicals,15775.88,2027-05-03
PO1220,Supplier 8,Raw Materials,3716.56,2027-05-04
PO1221,Supplier 42,Chemicals,8087.45,2027-05-05
PO1222,Supplier 49,Packaging,5443.98,2027-05-06
PO1223,Supplier 28,Packaging,22766.25,2027-05-07
PO1224,Supplier 31,Maintenance,19129.8,2027-05-08
PO1225,Supplier 9,Chemicals,17071.76,2027-05-09
PO1226,Supplier 29,Maintenance,7873.67,2027-05-10
PO1227,Supplier 14,Maintenance,5009.1,2027-05-11
PO1228,Supplier 40,Packaging,19033.05,2027-05-12
PO1229,Supplier 41,Maintenance,12116.87,2027-05-13
PO1230,Supplier 22,Packaging,6031.84,2027-05-14
PO1231,Supplier 11,Raw Materials,15607.24,2027-05-15
PO1232,Supplier 23,Chemicals,1488.18,2027-05-16
PO1233,Supplier 1,Maintenance,8491.17,2027-05-17
PO1234,Supplier 46,Packaging,11979.65,2027-05-18
PO1235,Supplier 37,Logistics,4124.98,2027-05-19
PO1236,Supplier 21,Maintenance,24624.03,2027-05-20
PO1237,Supplier 26,IT Equipment,5622.89,2027-05-21
PO1238,Supplier 46,Raw Materials,3693.65,2027-05-22
PO1239,Supplier 36,Raw Materials,5486.6,2027-05-23
PO1240,Supplier 23,Logistics,19342.0,2027-05-24
PO1241,Supplier 1,Packaging,10924.89,2027-05-25
PO1242,Supplier 40,Maintenance,14352.69,2027-05-26
PO1243,Supplier 15,Packaging,1014.72,2027-05-27
PO1244,Supplier 21,Raw Materials,1343.57,2027-05-28
PO1245,Supplier 47,Packaging,11422.73,2027-05-29
PO1246,Supplier 9,Raw Materials,20508.05,2027-05-30
PO1247,Supplier 9,Packaging,22188.35,2027-05-31
PO1248,Supplier 10,Logistics,2624.31,2027-06-01
PO1249,Supplier 26,Chemicals,13689.9,2027-06-02
PO1250,Supplier 41,Logistics,22874.13,2027-06-03
PO1251,Supplier 35,Logistics,10005.33,2027-06-04
PO1252,Supplier 25,Chemicals,20824.36,2027-06-05
PO1253,Supplier 26,Chemicals,3775.54,2027-06-06
PO1254,Supplier 11,Maintenance,23417.16,2027-06-07
PO1255,Supplier 38,Maintenance,18909.87,2027-06-08
PO1256,Supplier 2,Logistics,23562.69,2027-06-09
PO1257,Supplier 7,Logistics,17077.12,2027-06-10
PO1258,Supplier 18,Raw Materials,9403.4,2027-06-11
PO1259,Supplier 27,Raw Materials,23485.44,2027-06-12
PO1260,Supplier 34,Maintenance,7251.39,2027-06-13
PO1261,Supplier 27,IT Equipment,8638.23,2027-06-14
PO1262,Supplier 17,IT Equipment,17669.81,2027-06-15
PO1263,Supplier 43,Maintenance,19250.25,2027-06-16
PO1264,Supplier 44,Raw Materials,23270.39,2027-06-17
PO1265,Supplier 24,Raw Materials,5517.66,2027-06-18
PO1266,Supplier 25,IT Equipment,20050.95,2027-06-19
PO1267,Supplier 7,Packaging,18594.38,2027-06-20
PO1268,Supplier 6,Packaging,2062.97,2027-06-21
PO1269,Supplier 24,Raw Materials,9986.97,2027-06-22
PO1270,Supplier 33,Packaging,7427.75,2027-06-23
PO1271,Supplier 49,Chemicals,7960.02,2027-06-24
PO1272,Supplier 29,Maintenance,24582.2,2027-06-25
PO1273,Supplier 43,Maintenance,16248.05,2027-06-26
PO1274,Supplier 22,Raw Materials,18083.07,2027-06-27
PO1275,Supplier 26,Logistics,24427.13,2027-06-28
PO1276,Supplier 28,IT Equipment,9741.44,2027-06-29
PO1277,Supplier 50,Raw Materials,20145.08,2027-06-30
PO1278,Supplier 21,Packaging,11146.01,2027-07-01
PO1279,Supplier 49,IT Equipment,21803.57,2027-07-02
PO1280,Supplier 7,Logistics,4926.11,2027-07-03
PO1281,Supplier 17,Packaging,23718.31,2027-07-04
PO1282,Supplier 20,Chemicals,5859.91,2027-07-05
PO1283,Supplier 41,Packaging,8492.4,2027-07-06
PO1284,Supplier 49,Chemicals,19026.71,2027-07-07
PO1285,Supplier 20,IT Equipment,10147.0,2027-07-08
PO1286,Supplier 22,Chemicals,15401.18,2027-07-09
PO1287,Supplier 28,IT Equipment,11392.05,2027-07-10
PO1288,Supplier 40,IT Equipment,18688.06,2027-07-11
PO1289,Supplier 49,IT Equipment,6094.12,2027-07-12
PO1290,Supplier 7,IT Equipment,1932.22,2027-07-13
PO1291,Supplier 1,IT Equipment,7848.27,2027-07-14
PO1292,Supplier 32,Packaging,12120.56,2027-07-15
PO1293,Supplier 13,IT Equipment,4616.49,2027-07-16
PO1294,Supplier 30,Packaging,9192.53,2027-07-17
PO1295,Supplier 23,IT Equipment,10299.58,2027-07-18
PO1296,Supplier 19,Chemicals,1906.1,2027-07-19
PO1297,Supplier 32,IT Equipment,14791.03,2027-07-20
PO1298,Supplier 30,Logistics,22166.41,2027-07-21
PO1299,Supplier 29,IT Equipment,4217.7,2027-07-22
PO1300,Supplier 49,IT Equipment,15146.3,2027-07-23
PO1301,Supplier 45,Chemicals,16786.11,2027-07-24
PO1302,Supplier 29,Maintenance,10773.7,2027-07-25
PO1303,Supplier 30,Chemicals,17676.89,2027-07-26
PO1304,Supplier 16,Logistics,10562.92,2027-07-27
PO1305,Supplier 40,Maintenance,12863.61,2027-07-28
PO1306,Supplier 19,Raw Materials,680.15,2027-07-29
PO1307,Supplier 18,Raw Materials,17447.14,2027-07-30
PO1308,Supplier 1,Logistics,16702.9,2027-07-31
PO1309,Supplier 14,Chemicals,1440.82,2027-08-01
PO1310,Supplier 47,Packaging,9522.13,2027-08-02
PO1311,Supplier 50,Logistics,24486.28,2027-08-03
PO1312,Supplier 2,Maintenance,10808.05,2027-08-04
PO1313,Supplier 28,Maintenance,12797.66,2027-08-05
PO1314,Supplier 49,IT Equipment,22793.29,2027-08-06
PO1315,Supplier 50,Raw Materials,18072.92,2027-08-07
PO1316,Supplier 30,Maintenance,14760.72,2027-08-08
PO1317,Supplier 38,Logistics,20046.21,2027-08-09
PO1318,Supplier 4,Maintenance,21676.97,2027-08-10
PO1319,Supplier 1,Logistics,11693.76,2027-08-11
PO1320,Supplier 8,Packaging,12140.15,2027-08-12
PO1321,Supplier 29,IT Equipment,9958.25,2027-08-13
PO1322,Supplier 39,Raw Materials,24184.3,2027-08-14
PO1323,Supplier 3,Maintenance,17580.57,2027-08-15
PO1324,Supplier 32,Logistics,2538.97,2027-08-16
PO1325,Supplier 10,Chemicals,21642.51,2027-08-17
PO1326,Supplier 10,Raw Materials,12273.72,2027-08-18
PO1327,Supplier 19,Packaging,2184.47,2027-08-19
PO1328,Supplier 46,Logistics,13968.07,2027-08-20
PO1329,Supplier 34,IT Equipment,10720.52,2027-08-21
PO1330,Supplier 33,IT Equipment,22004.86,2027-08-22
PO1331,Supplier 23,Packaging,5497.87,2027-08-23
PO1332,Supplier 28,Packaging,20748.38,2027-08-24
PO1333,Supplier 32,IT Equipment,14163.37,2027-08-25
PO1334,Supplier 50,Maintenance,1837.95,2027-08-26
PO1335,Supplier 7,Maintenance,24310.21,2027-08-27
PO1336,Supplier 29,Logistics,13059.07,2027-08-28
PO1337,Supplier 8,Chemicals,7626.48,2027-08-29
PO1338,Supplier 1,Logistics,12000.47,2027-08-30
PO1339,Supplier 3,Chemicals,21517.52,2027-08-31
PO1340,Supplier 24,Packaging,7970.13,2027-09-01
PO1341,Supplier 23,Raw Materials,5220.57,2027-09-02
PO1342,Supplier 8,Logistics,3662.25,2027-09-03
PO1343,Supplier 47,Logistics,7797.56,2027-09-04
PO1344,Supplier 37,Chemicals,19611.18,2027-09-05
PO1345,Supplier 3,Packaging,12054.85,2027-09-06
PO1346,Supplier 33,Packaging,6073.3,2027-09-07
PO1347,Supplier 28,Chemicals,4571.53,2027-09-08
PO1348,Supplier 47,Packaging,8651.87,2027-09-09
PO1349,Supplier 8,IT Equipment,23528.15,2027-09-10
PO1350,Supplier 34,Maintenance,8904.15,2027-09-11
PO1351,Supplier 35,IT Equipment,24709.04,2027-09-12
PO1352,Supplier 32,Raw Materials,12388.15,2027-09-13
PO1353,Supplier 24,Logistics,4889.52,2027-09-14
PO1354,Supplier 14,Raw Materials,22332.93,2027-09-15
PO1355,Supplier 32,Logistics,11778.71,2027-09-16
PO1356,Supplier 46,Maintenance,17886.95,2027-09-17
PO1357,Supplier 43,Packaging,24600.93,2027-09-18
PO1358,Supplier 16,IT Equipment,1729.3,2027-09-19
PO1359,Supplier 4,Chemicals,2869.02,2027-09-20
PO1360,Supplier 37,IT Equipment,18151.19,2027-09-21
PO1361,Supplier 21,Maintenance,7404.71,2027-09-22
PO1362,Supplier 14,Raw Materials,5015.38,2027-09-23
PO1363,Supplier 31,Chemicals,1464.37,2027-09-24
PO1364,Supplier 48,Packaging,1035.24,2027-09-25
PO1365,Supplier 18,Maintenance,19474.9,2027-09-26
PO1366,Supplier 7,Chemicals,3793.62,2027-09-27
PO1367,Supplier 10,Maintenance,11959.16,2027-09-28
PO1368,Supplier 7,Maintenance,15344.47,2027-09-29
PO1369,Supplier 33,Packaging,10994.62,2027-09-30
PO1370,Supplier 23,Logistics,1164.11,2027-10-01
PO1371,Supplier 21,Chemicals,19695.79,2027-10-02
PO1372,Supplier 19,Packaging,757.57,2027-10-03
PO1373,Supplier 48,Maintenance,19166.3,2027-10-04
PO1374,Supplier 19,Packaging,22385.96,2027-10-05
PO1375,Supplier 36,Logistics,11104.58,2027-10-06
PO1376,Supplier 29,IT Equipment,13620.79,2027-10-07
PO1377,Supplier 18,Chemicals,12186.09,2027-10-08
PO1378,Supplier 2,Logistics,10035.61,2027-10-09
PO1379,Supplier 1,Raw Materials,22241.9,2027-10-10
PO1380,Supplier 47,Chemicals,22401.37,2027-10-11
PO1381,Supplier 5,Logistics,8727.5,2027-10-12
PO1382,Supplier 20,Maintenance,15569.21,2027-10-13
PO1383,Supplier 11,Chemicals,23209.24,2027-10-14
PO1384,Supplier 42,Chemicals,24070.43,2027-10-15
PO1385,Supplier 2,Packaging,12969.5,2027-10-16
PO1386,Supplier 3,Maintenance,11594.21,2027-10-17
PO1387,Supplier 23,Raw Materials,7328.01,2027-10-18
PO1388,Supplier 12,IT Equipment,23992.36,2027-10-19
PO1389,Supplier 20,Logistics,3998.95,2027-10-20
PO1390,Supplier 5,Packaging,14705.82,2027-10-21
PO1391,Supplier 37,Logistics,7422.48,2027-10-22
PO1392,Supplier 38,Raw Materials,7335.7,2027-10-23
PO1393,Supplier 30,Raw Materials,10421.73,2027-10-24
PO1394,Supplier 9,Chemicals,24970.43,2027-10-25
PO1395,Supplier 34,Raw Materials,1846.67,2027-10-26
PO1396,Supplier 44,Logistics,14674.27,2027-10-27
PO1397,Supplier 35,Maintenance,2523.02,2027-10-28
PO1398,Supplier 22,Maintenance,4285.76,2027-10-29
PO1399,Supplier 44,Chemicals,11269.29,2027-10-30
PO1400,Supplier 24,IT Equipment,13006.27,2027-10-31
PO1401,Supplier 17,Logistics,6840.41,2027-11-01
PO1402,Supplier 10,Logistics,8253.2,2027-11-02
PO1403,Supplier 30,Raw Materials,2630.69,2027-11-03
PO1404,Supplier 46,Logistics,7928.88,2027-11-04
PO1405,Supplier 23,Packaging,24180.68,2027-11-05
PO1406,Supplier 32,IT Equipment,23645.33,2027-11-06
PO1407,Supplier 17,Raw Materials,8704.52,2027-11-07
PO1408,Supplier 50,Packaging,14485.92,2027-11-08
PO1409,Supplier 17,Chemicals,22785.09,2027-11-09
PO1410,Supplier 14,Maintenance,651.5,2027-11-10
PO1411,Supplier 9,Chemicals,20361.75,2027-11-11
PO1412,Supplier 40,Maintenance,23735.05,2027-11-12
PO1413,Supplier 2,Chemicals,2737.48,2027-11-13
PO1414,Supplier 45,Logistics,4455.47,2027-11-14
PO1415,Supplier 25,Packaging,24038.28,2027-11-15
PO1416,Supplier 39,Maintenance,13669.73,2027-11-16
PO1417,Supplier 9,Raw Materials,847.82,2027-11-17
PO1418,Supplier 22,Packaging,6811.98,2027-11-18
PO1419,Supplier 43,Raw Materials,11523.62,2027-11-19
PO1420,Supplier 46,Packaging,17476.27,2027-11-20
PO1421,Supplier 4,Packaging,18462.43,2027-11-21
PO1422,Supplier 26,Chemicals,24887.83,2027-11-22
PO1423,Supplier 29,Maintenance,7544.02,2027-11-23
PO1424,Supplier 45,Maintenance,13686.39,2027-11-24
PO1425,Supplier 34,Packaging,13566.43,2027-11-25
PO1426,Supplier 23,Logistics,10438.31,2027-11-26
PO1427,Supplier 37,Logistics,4644.47,2027-11-27
PO1428,Supplier 11,Raw Materials,24447.69,2027-11-28
PO1429,Supplier 6,Raw Materials,21406.27,2027-11-29
PO1430,Supplier 18,Chemicals,12709.16,2027-11-30
PO1431,Supplier 21,Packaging,15279.51,2027-12-01
PO1432,Supplier 42,Raw Materials,6067.9,2027-12-02
PO1433,Supplier 36,Raw Materials,13822.78,2027-12-03
PO1434,Supplier 41,IT Equipment,17526.77,2027-12-04
PO1435,Supplier 38,Packaging,13121.59,2027-12-05
PO1436,Supplier 34,Chemicals,24761.99,2027-12-06
PO1437,Supplier 17,Raw Materials,15477.87,2027-12-07
PO1438,Supplier 37,Chemicals,9588.86,2027-12-08
PO1439,Supplier 25,Maintenance,19417.72,2027-12-09
PO1440,Supplier 38,Chemicals,4676.33,2027-12-10
PO1441,Supplier 12,Logistics,9920.64,2027-12-11
PO1442,Supplier 23,Logistics,9000.49,2027-12-12
PO1443,Supplier 42,Chemicals,11079.27,2027-12-13
PO1444,Supplier 22,Logistics,19653.61,2027-12-14
PO1445,Supplier 21,Maintenance,12362.24,2027-12-15
PO1446,Supplier 27,Packaging,19953.35,2027-12-16
PO1447,Supplier 31,Logistics,14623.98,2027-12-17
PO1448,Supplier 6,Logistics,8880.7,2027-12-18
PO1449,Supplier 27,Chemicals,20344.48,2027-12-19
PO1450,Supplier 40,Maintenance,6338.1,2027-12-20
PO1451,Supplier 34,Packaging,5997.38,2027-12-21
PO1452,Supplier 12,Chemicals,12860.32,2027-12-22
PO1453,Supplier 45,Chemicals,6890.81,2027-12-23
PO1454,Supplier 7,IT Equipment,722.63,2027-12-24
PO1455,Supplier 10,Maintenance,16383.29,2027-12-25
PO1456,Supplier 45,Packaging,13021.8,2027-12-26
PO1457,Supplier 17,Maintenance,11415.19,2027-12-27
PO1458,Supplier 26,Packaging,24190.73,2027-12-28
PO1459,Supplier 21,Maintenance,14494.38,2027-12-29
PO1460,Supplier 28,Chemicals,21654.07,2027-12-30
PO1461,Supplier 46,Chemicals,3916.53,2027-12-31
PO1462,Supplier 2,Raw Materials,14445.56,2028-01-01
PO1463,Supplier 43,Logistics,21765.5,2028-01-02
PO1464,Supplier 1,IT Equipment,14786.09,2028-01-03
PO1465,Supplier 36,Maintenance,18091.35,2028-01-04
PO1466,Supplier 26,IT Equipment,9615.07,2028-01-05
PO1467,Supplier 29,Raw Materials,2765.01,2028-01-06
PO1468,Supplier 21,Logistics,11718.56,2028-01-07
PO1469,Supplier 11,Maintenance,10164.75,2028-01-08
PO1470,Supplier 40,Packaging,21742.97,2028-01-09
PO1471,Supplier 11,Logistics,6477.88,2028-01-10
PO1472,Supplier 36,Chemicals,24184.99,2028-01-11
PO1473,Supplier 49,Raw Materials,23974.38,2028-01-12
PO1474,Supplier 39,Logistics,6566.98,2028-01-13
PO1475,Supplier 40,Logistics,9027.27,2028-01-14
PO1476,Supplier 35,Chemicals,22441.12,2028-01-15
PO1477,Supplier 34,Maintenance,24182.24,2028-01-16
PO1478,Supplier 47,Packaging,11364.26,2028-01-17
PO1479,Supplier 24,Chemicals,8364.43,2028-01-18
PO1480,Supplier 22,Packaging,13389.3,2028-01-19
PO1481,Supplier 5,Maintenance,17350.35,2028-01-20
PO1482,Supplier 33,Logistics,7200.13,2028-01-21
PO1483,Supplier 36,Packaging,18543.59,2028-01-22
PO1484,Supplier 47,Raw Materials,1765.61,2028-01-23
PO1485,Supplier 20,Raw Materials,1707.72,2028-01-24
PO1486,Supplier 19,Chemicals,9964.05,2028-01-25
PO1487,Supplier 35,Maintenance,9160.09,2028-01-26
PO1488,Supplier 43,Chemicals,8233.01,2028-01-27
PO1489,Supplier 17,Chemicals,12529.98,2028-01-28
PO1490,Supplier 45,IT Equipment,8357.97,2028-01-29
PO1491,Supplier 43,Chemicals,5210.32,2028-01-30
PO1492,Supplier 34,IT Equipment,8082.0,2028-01-31
PO1493,Supplier 9,Raw Materials,24385.15,2028-02-01
PO1494,Supplier 26,Raw Materials,10572.28,2028-02-02
PO1495,Supplier 2,Chemicals,11395.46,2028-02-03
PO1496,Supplier 9,Raw Materials,14625.35,2028-02-04
PO1497,Supplier 9,Maintenance,24591.85,2028-02-05
PO1498,Supplier 40,IT Equipment,6419.23,2028-02-06
PO1499,Supplier 17,IT Equipment,17191.41,2028-02-07
PO1500,Supplier 1,Chemicals,18041.62,2028-02-08
PO1501,Supplier 25,Raw Materials,15379.45,2028-02-09
PO1502,Supplier 43,Packaging,2670.17,2028-02-10
PO1503,Supplier 40,IT Equipment,17083.37,2028-02-11
PO1504,Supplier 42,Chemicals,2070.32,2028-02-12
PO1505,Supplier 25,Chemicals,15105.49,2028-02-13
PO1506,Supplier 39,Maintenance,18619.74,2028-02-14
PO1507,Supplier 35,Logistics,5668.76,2028-02-15
PO1508,Supplier 3,Logistics,21119.74,2028-02-16
PO1509,Supplier 50,IT Equipment,1243.67,2028-02-17
PO1510,Supplier 37,Maintenance,21173.42,2028-02-18
PO1511,Supplier 44,Maintenance,11778.06,2028-02-19
PO1512,Supplier 44,Maintenance,5830.9,2028-02-20
PO1513,Supplier 30,IT Equipment,3777.56,2028-02-21
PO1514,Supplier 38,Logistics,23856.03,2028-02-22
PO1515,Supplier 34,Maintenance,2280.31,2028-02-23
PO1516,Supplier 12,Raw Materials,5377.79,2028-02-24
PO1517,Supplier 19,Chemicals,9021.65,2028-02-25
PO1518,Supplier 37,Chemicals,15695.75,2028-02-26
PO1519,Supplier 44,Packaging,13847.63,2028-02-27
PO1520,Supplier 49,Packaging,3578.27,2028-02-28
PO1521,Supplier 17,IT Equipment,7598.34,2028-02-29
PO1522,Supplier 10,IT Equipment,6349.42,2028-03-01
PO1523,Supplier 49,Chemicals,5731.8,2028-03-02
PO1524,Supplier 47,Raw Materials,10573.04,2028-03-03
PO1525,Supplier 12,Logistics,17748.77,2028-03-04
PO1526,Supplier 16,Logistics,5827.6,2028-03-05
PO1527,Supplier 24,IT Equipment,9483.63,2028-03-06
PO1528,Supplier 19,Raw Materials,10077.48,2028-03-07
PO1529,Supplier 8,IT Equipment,24423.18,2028-03-08
PO1530,Supplier 31,Logistics,23889.33,2028-03-09
PO1531,Supplier 21,IT Equipment,20103.37,2028-03-10
PO1532,Supplier 17,Maintenance,6420.64,2028-03-11
PO1533,Supplier 23,IT Equipment,2166.91,2028-03-12
PO1534,Supplier 37,Chemicals,8264.15,2028-03-13
PO1535,Supplier 16,IT Equipment,7036.47,2028-03-14
PO1536,Supplier 6,Chemicals,12895.18,2028-03-15
PO1537,Supplier 8,Raw Materials,19554.33,2028-03-16
PO1538,Supplier 25,Logistics,21528.91,2028-03-17
PO1539,Supplier 18,Packaging,21199.17,2028-03-18
PO1540,Supplier 25,Packaging,9312.05,2028-03-19
PO1541,Supplier 12,Logistics,17337.24,2028-03-20
PO1542,Supplier 15,Packaging,8164.44,2028-03-21
PO1543,Supplier 26,IT Equipment,1992.19,2028-03-22
PO1544,Supplier 41,Raw Materials,17688.35,2028-03-23
PO1545,Supplier 45,Raw Materials,740.78,2028-03-24
PO1546,Supplier 26,Logistics,10524.97,2028-03-25
PO1547,Supplier 47,Packaging,8569.79,2028-03-26
PO1548,Supplier 32,IT Equipment,17487.75,2028-03-27
PO1549,Supplier 10,Raw Materials,19273.01,2028-03-28
PO1550,Supplier 16,Raw Materials,7950.32,2028-03-29
PO1551,Supplier 7,Maintenance,20384.86,2028-03-30
PO1552,Supplier 17,Maintenance,7700.96,2028-03-31
PO1553,Supplier 23,Raw Materials,11435.0,2028-04-01
PO1554,Supplier 26,Logistics,18311.95,2028-04-02
PO1555,Supplier 21,Chemicals,17476.55,2028-04-03
PO1556,Supplier 22,Chemicals,24690.53,2028-04-04
PO1557,Supplier 7,IT Equipment,6016.45,2028-04-05
PO1558,Supplier 14,Raw Materials,16726.79,2028-04-06
PO1559,Supplier 15,Raw Materials,15437.21,2028-04-07
PO1560,Supplier 7,Raw Materials,22919.91,2028-04-08
PO1561,Supplier 9,Logistics,4330.87,2028-04-09
PO1562,Supplier 48,Maintenance,18919.06,2028-04-10
PO1563,Supplier 8,Raw Materials,14422.58,2028-04-11
PO1564,Supplier 50,Raw Materials,7229.31,2028-04-12
PO1565,Supplier 23,Packaging,12123.66,2028-04-13
PO1566,Supplier 29,Logistics,8677.53,2028-04-14
PO1567,Supplier 18,IT Equipment,14693.18,2028-04-15
PO1568,Supplier 31,Raw Materials,22280.51,2028-04-16
PO1569,Supplier 30,Packaging,14447.97,2028-04-17
PO1570,Supplier 39,Chemicals,15977.2,2028-04-18
PO1571,Supplier 35,IT Equipment,13209.32,2028-04-19
PO1572,Supplier 18,Raw Materials,1753.55,2028-04-20
PO1573,Supplier 42,Raw Materials,6205.03,2028-04-21
PO1574,Supplier 39,Packaging,12554.04,2028-04-22
PO1575,Supplier 17,Logistics,8100.76,2028-04-23
PO1576,Supplier 14,Raw Materials,4953.21,2028-04-24
PO1577,Supplier 31,Chemicals,12851.25,2028-04-25
PO1578,Supplier 24,Raw Materials,8408.84,2028-04-26
PO1579,Supplier 35,Chemicals,6823.64,2028-04-27
PO1580,Supplier 44,IT Equipment,11867.64,2028-04-28
PO1581,Supplier 45,IT Equipment,3765.46,2028-04-29
PO1582,Supplier 34,Maintenance,23229.77,2028-04-30
PO1583,Supplier 3,Maintenance,21758.7,2028-05-01
PO1584,Supplier 37,Chemicals,17836.7,2028-05-02
PO1585,Supplier 43,Logistics,3102.24,2028-05-03
PO1586,Supplier 40,Raw Materials,19508.99,2028-05-04
PO1587,Supplier 26,Raw Materials,20294.95,2028-05-05
PO1588,Supplier 23,Maintenance,19310.23,2028-05-06
PO1589,Supplier 44,Chemicals,3292.16,2028-05-07
PO1590,Supplier 39,Raw Materials,16275.74,2028-05-08
PO1591,Supplier 15,Raw Materials,20940.96,2028-05-09
PO1592,Supplier 49,Logistics,14645.16,2028-05-10
PO1593,Supplier 4,Packaging,16336.98,2028-05-11
PO1594,Supplier 29,Maintenance,11729.91,2028-05-12
PO1595,Supplier 22,Maintenance,13453.33,2028-05-13
PO1596,Supplier 25,Packaging,1342.23,2028-05-14
PO1597,Supplier 13,Raw Materials,16154.59,2028-05-15
PO1598,Supplier 18,Logistics,2495.46,2028-05-16
PO1599,Supplier 33,Logistics,11157.86,2028-05-17
PO1600,Supplier 16,Maintenance,7670.05,2028-05-18
PO1601,Supplier 45,Logistics,13862.98,2028-05-19
PO1602,Supplier 42,IT Equipment,3768.7,2028-05-20
PO1603,Supplier 44,Packaging,17445.26,2028-05-21
PO1604,Supplier 2,Raw Materials,19977.78,2028-05-22
PO1605,Supplier 35,IT Equipment,4502.18,2028-05-23
PO1606,Supplier 42,Packaging,3055.67,2028-05-24
PO1607,Supplier 34,Chemicals,4065.13,2028-05-25
PO1608,Supplier 30,Maintenance,21989.63,2028-05-26
PO1609,Supplier 13,Logistics,13440.64,2028-05-27
PO1610,Supplier 13,Chemicals,11947.89,2028-05-28
PO1611,Supplier 18,Logistics,3114.44,2028-05-29
PO1612,Supplier 32,IT Equipment,16414.12,2028-05-30
PO1613,Supplier 32,Raw Materials,21765.99,2028-05-31
PO1614,Supplier 35,Raw Materials,20790.55,2028-06-01
PO1615,Supplier 39,Raw Materials,15838.34,2028-06-02
PO1616,Supplier 46,Logistics,2344.33,2028-06-03
PO1617,Supplier 29,Chemicals,3253.73,2028-06-04
PO1618,Supplier 49,Raw Materials,1708.07,2028-06-05
PO1619,Supplier 29,Chemicals,6808.24,2028-06-06
PO1620,Supplier 44,Logistics,3823.71,2028-06-07
PO1621,Supplier 16,IT Equipment,6871.18,2028-06-08
PO1622,Supplier 44,Chemicals,9933.92,2028-06-09
PO1623,Supplier 47,IT Equipment,23603.08,2028-06-10
PO1624,Supplier 10,Logistics,15454.21,2028-06-11
PO1625,Supplier 30,Logistics,20956.86,2028-06-12
PO1626,Supplier 25,Maintenance,17903.61,2028-06-13
PO1627,Supplier 39,Logistics,3256.33,2028-06-14
PO1628,Supplier 20,Logistics,18530.05,2028-06-15
PO1629,Supplier 5,Packaging,7239.92,2028-06-16
PO1630,Supplier 1,Raw Materials,16158.14,2028-06-17
PO1631,Supplier 30,Maintenance,8853.57,2028-06-18
PO1632,Supplier 49,Maintenance,24942.97,2028-06-19
PO1633,Supplier 3,Maintenance,6957.01,2028-06-20
PO1634,Supplier 45,Packaging,7338.7,2028-06-21
PO1635,Supplier 14,IT Equipment,23301.47,2028-06-22
PO1636,Supplier 30,Logistics,1103.79,2028-06-23
PO1637,Supplier 50,Raw Materials,17568.88,2028-06-24
PO1638,Supplier 4,Chemicals,18270.5,2028-06-25
PO1639,Supplier 18,IT Equipment,20991.28,2028-06-26
PO1640,Supplier 37,Logistics,24373.76,2028-06-27
PO1641,Supplier 25,Packaging,24402.25,2028-06-28
PO1642,Supplier 48,Logistics,2099.28,2028-06-29
PO1643,Supplier 1,Logistics,20635.06,2028-06-30
PO1644,Supplier 46,Packaging,16334.59,2028-07-01
PO1645,Supplier 15,Maintenance,16359.88,2028-07-02
PO1646,Supplier 9,Maintenance,3644.57,2028-07-03
PO1647,Supplier 15,Raw Materials,16429.59,2028-07-04
PO1648,Supplier 49,Raw Materials,24570.82,2028-07-05
PO1649,Supplier 24,Maintenance,22839.55,2028-07-06
PO1650,Supplier 4,IT Equipment,11258.7,2028-07-07
PO1651,Supplier 12,Chemicals,1478.73,2028-07-08
PO1652,Supplier 37,Logistics,9376.19,2028-07-09
PO1653,Supplier 37,Chemicals,20746.56,2028-07-10
PO1654,Supplier 43,Logistics,17686.73,2028-07-11
PO1655,Supplier 6,Maintenance,11753.92,2028-07-12
PO1656,Supplier 39,Raw Materials,1849.99,2028-07-13
PO1657,Supplier 46,IT Equipment,10958.92,2028-07-14
PO1658,Supplier 24,Raw Materials,11991.11,2028-07-15
PO1659,Supplier 11,Chemicals,23249.61,2028-07-16
PO1660,Supplier 13,Raw Materials,16206.61,2028-07-17
PO1661,Supplier 34,Maintenance,8135.5,2028-07-18
PO1662,Supplier 25,IT Equipment,13370.3,2028-07-19
PO1663,Supplier 7,Chemicals,2118.36,2028-07-20
PO1664,Supplier 4,IT Equipment,24327.92,2028-07-21
PO1665,Supplier 8,Logistics,9321.47,2028-07-22
PO1666,Supplier 20,Raw Materials,12207.75,2028-07-23
PO1667,Supplier 29,IT Equipment,9204.46,2028-07-24
PO1668,Supplier 45,Packaging,17221.54,2028-07-25
PO1669,Supplier 46,Raw Materials,16724.69,2028-07-26
PO1670,Supplier 10,Logistics,18025.4,2028-07-27
PO1671,Supplier 43,IT Equipment,7069.51,2028-07-28
PO1672,Supplier 34,Chemicals,8233.88,2028-07-29
PO1673,Supplier 26,Logistics,3568.66,2028-07-30
PO1674,Supplier 41,Packaging,16559.99,2028-07-31
PO1675,Supplier 49,IT Equipment,1475.03,2028-08-01
PO1676,Supplier 3,Maintenance,15143.22,2028-08-02
PO1677,Supplier 6,Raw Materials,21807.55,2028-08-03
PO1678,Supplier 5,Chemicals,22325.39,2028-08-04
PO1679,Supplier 5,Maintenance,11501.43,2028-08-05
PO1680,Supplier 47,IT Equipment,11752.94,2028-08-06
PO1681,Supplier 23,IT Equipment,2385.74,2028-08-07
PO1682,Supplier 49,Logistics,16933.74,2028-08-08
PO1683,Supplier 9,IT Equipment,20620.86,2028-08-09
PO1684,Supplier 35,Chemicals,6494.05,2028-08-10
PO1685,Supplier 20,Maintenance,10821.87,2028-08-11
PO1686,Supplier 49,Chemicals,21051.56,2028-08-12
PO1687,Supplier 42,Packaging,21989.45,2028-08-13
PO1688,Supplier 35,Packaging,6457.91,2028-08-14
PO1689,Supplier 50,Raw Materials,13988.98,2028-08-15
PO1690,Supplier 18,Raw Materials,5216.08,2028-08-16
PO1691,Supplier 17,Packaging,2996.03,2028-08-17
PO1692,Supplier 24,IT Equipment,22822.45,2028-08-18
PO1693,Supplier 3,Chemicals,20602.43,2028-08-19
PO1694,Supplier 32,Packaging,19120.86,2028-08-20
PO1695,Supplier 35,Raw Materials,1694.77,2028-08-21
PO1696,Supplier 38,Packaging,21171.36,2028-08-22
PO1697,Supplier 13,IT Equipment,11232.08,2028-08-23
PO1698,Supplier 47,Packaging,8888.68,2028-08-24
PO1699,Supplier 25,Chemicals,13888.67,2028-08-25
PO1700,Supplier 9,Maintenance,2738.15,2028-08-26
PO1701,Supplier 4,IT Equipment,19037.84,2028-08-27
PO1702,Supplier 14,Raw Materials,14769.66,2028-08-28
PO1703,Supplier 37,Chemicals,5071.46,2028-08-29
PO1704,Supplier 34,Packaging,5111.69,2028-08-30
PO1705,Supplier 11,Packaging,5014.09,2028-08-31
PO1706,Supplier 41,Maintenance,1896.56,2028-09-01
PO1707,Supplier 3,Raw Materials,14901.06,2028-09-02
PO1708,Supplier 28,Raw Materials,21088.53,2028-09-03
PO1709,Supplier 29,Logistics,928.71,2028-09-04
PO1710,Supplier 9,Raw Materials,1700.61,2028-09-05
PO1711,Supplier 3,Maintenance,14532.87,2028-09-06
PO1712,Supplier 25,Logistics,20577.64,2028-09-07
PO1713,Supplier 34,Logistics,8505.1,2028-09-08
PO1714,Supplier 12,Packaging,9065.55,2028-09-09
PO1715,Supplier 42,Packaging,15110.49,2028-09-10
PO1716,Supplier 9,Raw Materials,7218.22,2028-09-11
PO1717,Supplier 15,Logistics,1151.9,2028-09-12
PO1718,Supplier 40,Packaging,18513.1,2028-09-13
PO1719,Supplier 25,Maintenance,15828.42,2028-09-14
PO1720,Supplier 5,Packaging,14728.52,2028-09-15
PO1721,Supplier 11,IT Equipment,18671.26,2028-09-16
PO1722,Supplier 34,IT Equipment,17043.16,2028-09-17
PO1723,Supplier 24,Packaging,5544.11,2028-09-18
PO1724,Supplier 15,Logistics,9135.79,2028-09-19
PO1725,Supplier 38,Logistics,3589.7,2028-09-20
PO1726,Supplier 8,Chemicals,3681.5,2028-09-21
PO1727,Supplier 5,IT Equipment,17066.8,2028-09-22
PO1728,Supplier 48,Maintenance,21535.7,2028-09-23
PO1729,Supplier 26,Logistics,24086.95,2028-09-24
PO1730,Supplier 18,Raw Materials,15894.5,2028-09-25
PO1731,Supplier 6,IT Equipment,5010.48,2028-09-26
PO1732,Supplier 37,Maintenance,3088.43,2028-09-27
PO1733,Supplier 48,Maintenance,20414.85,2028-09-28
PO1734,Supplier 13,Logistics,14679.53,2028-09-29
PO1735,Supplier 28,Maintenance,15647.98,2028-09-30
PO1736,Supplier 5,Logistics,19645.82,2028-10-01
PO1737,Supplier 13,Packaging,17730.29,2028-10-02
PO1738,Supplier 17,IT Equipment,20944.23,2028-10-03
PO1739,Supplier 50,Chemicals,1877.24,2028-10-04
PO1740,Supplier 40,Packaging,18814.26,2028-10-05
PO1741,Supplier 45,IT Equipment,21345.89,2028-10-06
PO1742,Supplier 32,Logistics,7510.31,2028-10-07
PO1743,Supplier 29,IT Equipment,16190.96,2028-10-08
PO1744,Supplier 3,Logistics,8196.97,2028-10-09
PO1745,Supplier 40,Packaging,23970.29,2028-10-10
PO1746,Supplier 34,Raw Materials,1318.88,2028-10-11
PO1747,Supplier 40,Raw Materials,14704.92,2028-10-12
PO1748,Supplier 27,IT Equipment,4579.34,2028-10-13
PO1749,Supplier 13,Raw Materials,17949.4,2028-10-14
PO1750,Supplier 45,Logistics,4809.31,2028-10-15
PO1751,Supplier 33,Maintenance,6266.89,2028-10-16
PO1752,Supplier 6,Logistics,12612.08,2028-10-17
PO1753,Supplier 24,Maintenance,22913.46,2028-10-18
PO1754,Supplier 19,Packaging,5687.0,2028-10-19
PO1755,Supplier 16,Chemicals,4033.88,2028-10-20
PO1756,Supplier 40,Maintenance,19094.93,2028-10-21
PO1757,Supplier 28,Raw Materials,12765.18,2028-10-22
PO1758,Supplier 33,Logistics,22838.74,2028-10-23
PO1759,Supplier 48,Packaging,4092.06,2028-10-24
PO1760,Supplier 41,Raw Materials,16325.23,2028-10-25
PO1761,Supplier 13,Packaging,6205.54,2028-10-26
PO1762,Supplier 43,Chemicals,4340.63,2028-10-27
PO1763,Supplier 45,Logistics,17244.02,2028-10-28
PO1764,Supplier 25,IT Equipment,15045.27,2028-10-29
PO1765,Supplier 42,Logistics,18993.27,2028-10-30
PO1766,Supplier 36,Chemicals,8081.83,2028-10-31
PO1767,Supplier 27,Logistics,11475.31,2028-11-01
PO1768,Supplier 38,IT Equipment,10434.06,2028-11-02
PO1769,Supplier 7,Maintenance,24610.19,2028-11-03
PO1770,Supplier 5,Packaging,7660.1,2028-11-04
PO1771,Supplier 43,IT Equipment,7723.02,2028-11-05
PO1772,Supplier 45,Raw Materials,9186.43,2028-11-06
PO1773,Supplier 31,Chemicals,14332.55,2028-11-07
PO1774,Supplier 23,Maintenance,6681.91,2028-11-08
PO1775,Supplier 42,Raw Materials,22924.6,2028-11-09
PO1776,Supplier 10,Raw Materials,7009.3,2028-11-10
PO1777,Supplier 32,Chemicals,22447.49,2028-11-11
PO1778,Supplier 43,Maintenance,3035.14,2028-11-12
PO1779,Supplier 30,Raw Materials,16585.79,2028-11-13
PO1780,Supplier 39,Raw Materials,22721.15,2028-11-14
PO1781,Supplier 31,Maintenance,4634.36,2028-11-15
PO1782,Supplier 18,Logistics,24224.01,2028-11-16
PO1783,Supplier 36,Raw Materials,11595.64,2028-11-17
PO1784,Supplier 2,Packaging,23670.02,2028-11-18
PO1785,Supplier 14,Maintenance,17082.09,2028-11-19
PO1786,Supplier 13,Raw Materials,7888.88,2028-11-20
PO1787,Supplier 29,Chemicals,5113.41,2028-11-21
PO1788,Supplier 12,IT Equipment,7941.51,2028-11-22
PO1789,Supplier 39,Packaging,2778.93,2028-11-23
PO1790,Supplier 2,IT Equipment,4024.77,2028-11-24
PO1791,Supplier 32,IT Equipment,3064.18,2028-11-25
PO1792,Supplier 13,Raw Materials,10862.12,2028-11-26
PO1793,Supplier 46,Packaging,19991.67,2028-11-27
PO1794,Supplier 27,Packaging,3963.9,2028-11-28
PO1795,Supplier 49,Logistics,3692.85,2028-11-29
PO1796,Supplier 41,IT Equipment,16264.01,2028-11-30
PO1797,Supplier 17,Packaging,5330.98,2028-12-01
PO1798,Supplier 40,Logistics,2891.45,2028-12-02
PO1799,Supplier 31,Maintenance,4587.79,2028-12-03
PO1800,Supplier 34,Logistics,23131.42,2028-12-04
PO1801,Supplier 24,Chemicals,20626.05,2028-12-05
PO1802,Supplier 45,Raw Materials,9174.58,2028-12-06
PO1803,Supplier 35,Maintenance,16567.61,2028-12-07
PO1804,Supplier 48,Maintenance,13663.25,2028-12-08
PO1805,Supplier 6,Chemicals,17089.54,2028-12-09
PO1806,Supplier 19,Logistics,17225.44,2028-12-10
PO1807,Supplier 30,Raw Materials,15903.98,2028-12-11
PO1808,Supplier 7,Logistics,7019.48,2028-12-12
PO1809,Supplier 10,Packaging,1455.66,2028-12-13
PO1810,Supplier 41,Logistics,11661.39,2028-12-14
PO1811,Supplier 32,Maintenance,22328.86,2028-12-15
PO1812,Supplier 34,Raw Materials,14452.68,2028-12-16
PO1813,Supplier 28,Logistics,20893.58,2028-12-17
PO1814,Supplier 15,Raw Materials,24794.8,2028-12-18
PO1815,Supplier 30,Raw Materials,4508.6,2028-12-19
PO1816,Supplier 37,Packaging,17448.55,2028-12-20
PO1817,Supplier 29,Packaging,17020.19,2028-12-21
PO1818,Supplier 22,Maintenance,24508.91,2028-12-22
PO1819,Supplier 4,Chemicals,24647.22,2028-12-23
PO1820,Supplier 20,Raw Materials,17323.63,2028-12-24
PO1821,Supplier 32,Chemicals,6468.56,2028-12-25
PO1822,Supplier 36,Maintenance,20064.62,2028-12-26
PO1823,Supplier 50,Raw Materials,3122.21,2028-12-27
PO1824,Supplier 4,Raw Materials,19627.13,2028-12-28
PO1825,Supplier 27,IT Equipment,22799.81,2028-12-29
PO1826,Supplier 17,Chemicals,9879.42,2028-12-30
PO1827,Supplier 12,Logistics,15950.56,2028-12-31
PO1828,Supplier 22,Packaging,11038.5,2029-01-01
PO1829,Supplier 17,Logistics,11225.24,2029-01-02
PO1830,Supplier 10,Chemicals,8104.09,2029-01-03
PO1831,Supplier 1,Packaging,19172.18,2029-01-04
PO1832,Supplier 22,Logistics,23436.33,2029-01-05
PO1833,Supplier 26,IT Equipment,23548.4,2029-01-06
PO1834,Supplier 18,Packaging,4782.14,2029-01-07
PO1835,Supplier 50,Raw Materials,21931.22,2029-01-08
PO1836,Supplier 14,Logistics,18567.07,2029-01-09
PO1837,Supplier 47,Packaging,6694.52,2029-01-10
PO1838,Supplier 29,IT Equipment,2148.47,2029-01-11
PO1839,Supplier 12,Packaging,7065.93,2029-01-12
PO1840,Supplier 36,Packaging,22849.1,2029-01-13
PO1841,Supplier 35,IT Equipment,16012.88,2029-01-14
PO1842,Supplier 12,Logistics,18165.84,2029-01-15
PO1843,Supplier 7,Maintenance,6800.23,2029-01-16
PO1844,Supplier 29,Logistics,18125.01,2029-01-17
PO1845,Supplier 11,Chemicals,1188.98,2029-01-18
PO1846,Supplier 33,IT Equipment,9695.37,2029-01-19
PO1847,Supplier 6,Logistics,15855.46,2029-01-20
PO1848,Supplier 47,Packaging,4079.37,2029-01-21
PO1849,Supplier 15,IT Equipment,20663.59,2029-01-22
PO1850,Supplier 32,Raw Materials,6258.27,2029-01-23
PO1851,Supplier 11,Logistics,16480.89,2029-01-24
PO1852,Supplier 23,IT Equipment,10427.33,2029-01-25
PO1853,Supplier 26,Logistics,15103.07,2029-01-26
PO1854,Supplier 34,IT Equipment,3132.54,2029-01-27
PO1855,Supplier 46,Packaging,914.36,2029-01-28
PO1856,Supplier 34,Raw Materials,22784.33,2029-01-29
PO1857,Supplier 29,Raw Materials,7105.94,2029-01-30
PO1858,Supplier 4,Chemicals,20582.09,2029-01-31
PO1859,Supplier 17,IT Equipment,24984.08,2029-02-01
PO1860,Supplier 35,Logistics,5680.07,2029-02-02
PO1861,Supplier 13,Raw Materials,6996.68,2029-02-03
PO1862,Supplier 41,Raw Materials,16740.06,2029-02-04
PO1863,Supplier 39,Maintenance,24153.49,2029-02-05
PO1864,Supplier 15,Maintenance,22937.45,2029-02-06
PO1865,Supplier 29,Raw Materials,12820.45,2029-02-07
PO1866,Supplier 29,IT Equipment,19980.2,2029-02-08
PO1867,Supplier 11,Chemicals,3825.77,2029-02-09
PO1868,Supplier 32,Raw Materials,24447.24,2029-02-10
PO1869,Supplier 2,Packaging,24126.65,2029-02-11
PO1870,Supplier 47,Logistics,4511.36,2029-02-12
PO1871,Supplier 14,Chemicals,7835.87,2029-02-13
PO1872,Supplier 20,Packaging,2953.8,2029-02-14
PO1873,Supplier 22,Chemicals,7157.08,2029-02-15
PO1874,Supplier 11,Packaging,20490.92,2029-02-16
PO1875,Supplier 27,Logistics,9768.73,2029-02-17
PO1876,Supplier 3,Logistics,2665.73,2029-02-18
PO1877,Supplier 17,Maintenance,8884.53,2029-02-19
PO1878,Supplier 44,IT Equipment,24543.89,2029-02-20
PO1879,Supplier 28,Packaging,15927.25,2029-02-21
PO1880,Supplier 29,Maintenance,10695.94,2029-02-22
PO1881,Supplier 21,Packaging,4580.19,2029-02-23
PO1882,Supplier 47,Maintenance,24661.33,2029-02-24
PO1883,Supplier 16,Logistics,20610.8,2029-02-25
PO1884,Supplier 37,Chemicals,7396.19,2029-02-26
PO1885,Supplier 20,Maintenance,2216.68,2029-02-27
PO1886,Supplier 6,Packaging,1887.33,2029-02-28
PO1887,Supplier 19,Packaging,3449.26,2029-03-01
PO1888,Supplier 5,IT Equipment,14728.83,2029-03-02
PO1889,Supplier 3,Logistics,23254.7,2029-03-03
PO1890,Supplier 1,Packaging,12670.21,2029-03-04
PO1891,Supplier 38,Raw Materials,21152.16,2029-03-05
PO1892,Supplier 15,Chemicals,11424.22,2029-03-06
PO1893,Supplier 34,Maintenance,17860.3,2029-03-07
PO1894,Supplier 35,IT Equipment,18430.88,2029-03-08
PO1895,Supplier 49,Chemicals,4762.11,2029-03-09
PO1896,Supplier 25,Logistics,9349.79,2029-03-10
PO1897,Supplier 24,IT Equipment,16113.9,2029-03-11
PO1898,Supplier 12,Maintenance,2232.07,2029-03-12
PO1899,Supplier 18,Maintenance,9357.73,2029-03-13
PO1900,Supplier 15,Raw Materials,13602.59,2029-03-14
PO1901,Supplier 44,Logistics,24907.5,2029-03-15
PO1902,Supplier 16,IT Equipment,12126.07,2029-03-16
PO1903,Supplier 27,IT Equipment,20493.39,2029-03-17
PO1904,Supplier 8,Packaging,11085.65,2029-03-18
PO1905,Supplier 46,Raw Materials,20011.57,2029-03-19
PO1906,Supplier 25,Raw Materials,15087.66,2029-03-20
PO1907,Supplier 17,IT Equipment,22221.59,2029-03-21
PO1908,Supplier 29,IT Equipment,10568.09,2029-03-22
PO1909,Supplier 8,Chemicals,15305.46,2029-03-23
PO1910,Supplier 15,Chemicals,15935.46,2029-03-24
PO1911,Supplier 27,Chemicals,10725.88,2029-03-25
PO1912,Supplier 46,Raw Materials,4035.65,2029-03-26
PO1913,Supplier 50,Packaging,2792.21,2029-03-27
PO1914,Supplier 7,Maintenance,908.45,2029-03-28
PO1915,Supplier 3,Chemicals,21901.59,2029-03-29
PO1916,Supplier 29,Packaging,6293.64,2029-03-30
PO1917,Supplier 44,Logistics,5681.92,2029-03-31
PO1918,Supplier 24,Chemicals,18532.87,2029-04-01
PO1919,Supplier 3,Maintenance,8340.39,2029-04-02
PO1920,Supplier 20,Logistics,12898.09,2029-04-03
PO1921,Supplier 46,Logistics,4481.52,2029-04-04
PO1922,Supplier 15,Maintenance,24013.77,2029-04-05
PO1923,Supplier 25,Chemicals,21363.74,2029-04-06
PO1924,Supplier 30,Raw Materials,21662.85,2029-04-07
PO1925,Supplier 14,Maintenance,10465.96,2029-04-08
PO1926,Supplier 7,Maintenance,19177.85,2029-04-09
PO1927,Supplier 17,Maintenance,4024.97,2029-04-10
PO1928,Supplier 44,Logistics,711.17,2029-04-11
PO1929,Supplier 20,Packaging,989.34,2029-04-12
PO1930,Supplier 36,Raw Materials,14871.74,2029-04-13
PO1931,Supplier 9,Chemicals,11657.18,2029-04-14
PO1932,Supplier 38,Chemicals,13191.38,2029-04-15
PO1933,Supplier 48,Packaging,682.85,2029-04-16
PO1934,Supplier 22,Maintenance,10855.82,2029-04-17
PO1935,Supplier 2,Raw Materials,18092.67,2029-04-18
PO1936,Supplier 24,Chemicals,11346.0,2029-04-19
PO1937,Supplier 8,IT Equipment,18439.37,2029-04-20
PO1938,Supplier 11,Chemicals,6208.96,2029-04-21
PO1939,Supplier 13,Maintenance,20421.98,2029-04-22
PO1940,Supplier 17,IT Equipment,14916.57,2029-04-23
PO1941,Supplier 8,Packaging,5663.7,2029-04-24
PO1942,Supplier 21,Raw Materials,6299.65,2029-04-25
PO1943,Supplier 18,Packaging,15886.75,2029-04-26
PO1944,Supplier 30,Packaging,20833.52,2029-04-27
PO1945,Supplier 18,Raw Materials,10682.88,2029-04-28
PO1946,Supplier 46,Raw Materials,6828.36,2029-04-29
PO1947,Supplier 47,Chemicals,21741.78,2029-04-30
PO1948,Supplier 31,Chemicals,16897.07,2029-05-01
PO1949,Supplier 38,Raw Materials,11478.09,2029-05-02
PO1950,Supplier 32,IT Equipment,12453.55,2029-05-03
PO1951,Supplier 11,Logistics,5504.28,2029-05-04
PO1952,Supplier 45,Chemicals,15856.66,2029-05-05
PO1953,Supplier 25,Logistics,9289.19,2029-05-06
PO1954,Supplier 33,IT Equipment,24893.31,2029-05-07
PO1955,Supplier 38,Raw Materials,12264.5,2029-05-08
PO1956,Supplier 41,IT Equipment,12404.2,2029-05-09
PO1957,Supplier 8,Chemicals,14363.37,2029-05-10
PO1958,Supplier 11,Packaging,22960.52,2029-05-11
PO1959,Supplier 22,Raw Materials,20120.04,2029-05-12
PO1960,Supplier 24,Maintenance,11552.69,2029-05-13
PO1961,Supplier 41,Logistics,18108.13,2029-05-14
PO1962,Supplier 17,IT Equipment,14862.77,2029-05-15
PO1963,Supplier 12,Raw Materials,12562.99,2029-05-16
PO1964,Supplier 46,IT Equipment,5211.74,2029-05-17
PO1965,Supplier 32,Raw Materials,11866.44,2029-05-18
PO1966,Supplier 15,Chemicals,6522.56,2029-05-19
PO1967,Supplier 16,Chemicals,22913.63,2029-05-20
PO1968,Supplier 22,Chemicals,8717.47,2029-05-21
PO1969,Supplier 28,IT Equipment,23830.47,2029-05-22
PO1970,Supplier 20,Maintenance,13559.85,2029-05-23
PO1971,Supplier 33,Chemicals,15972.84,2029-05-24
PO1972,Supplier 10,Raw Materials,13802.04,2029-05-25
PO1973,Supplier 40,Chemicals,3669.83,2029-05-26
PO1974,Supplier 32,Packaging,9707.62,2029-05-27
PO1975,Supplier 50,Chemicals,2929.08,2029-05-28
PO1976,Supplier 33,IT Equipment,15762.37,2029-05-29
PO1977,Supplier 2,Maintenance,11448.42,2029-05-30
PO1978,Supplier 33,Packaging,19560.63,2029-05-31
PO1979,Supplier 33,IT Equipment,5901.53,2029-06-01
PO1980,Supplier 41,IT Equipment,4531.87,2029-06-02
PO1981,Supplier 13,IT Equipment,10455.14,2029-06-03
PO1982,Supplier 30,Raw Materials,23201.34,2029-06-04
PO1983,Supplier 33,IT Equipment,17905.33,2029-06-05
PO1984,Supplier 13,Raw Materials,10763.63,2029-06-06
PO1985,Supplier 26,IT Equipment,13173.17,2029-06-07
PO1986,Supplier 22,Logistics,2563.22,2029-06-08
PO1987,Supplier 39,Packaging,24622.11,2029-06-09
PO1988,Supplier 2,Logistics,16826.98,2029-06-10
PO1989,Supplier 38,IT Equipment,7492.4,2029-06-11
PO1990,Supplier 39,Packaging,14852.31,2029-06-12
PO1991,Supplier 26,Packaging,3182.32,2029-06-13
PO1992,Supplier 46,Maintenance,24163.0,2029-06-14
PO1993,Supplier 50,Logistics,4782.23,2029-06-15
PO1994,Supplier 15,Maintenance,16376.74,2029-06-16
PO1995,Supplier 34,Packaging,6513.63,2029-06-17
PO1996,Supplier 42,Raw Materials,18080.25,2029-06-18
PO1997,Supplier 44,Packaging,19532.12,2029-06-19
PO1998,Supplier 49,Maintenance,16998.78,2029-06-20
PO1999,Supplier 40,Logistics,15555.24,2029-06-21
PO2000,Supplier 11,IT Equipment,22365.49,2029-06-22
PO2001,Supplier 3,IT Equipment,2426.35,2029-06-23
PO2002,Supplier 6,Logistics,8607.41,2029-06-24
PO2003,Supplier 9,IT Equipment,6583.04,2029-06-25
PO2004,Supplier 6,IT Equipment,24706.34,2029-06-26
PO2005,Supplier 9,Maintenance,10040.05,2029-06-27
PO2006,Supplier 39,Logistics,18449.01,2029-06-28
PO2007,Supplier 31,Chemicals,17275.77,2029-06-29
PO2008,Supplier 32,Raw Materials,5695.99,2029-06-30
PO2009,Supplier 41,Raw Materials,6355.44,2029-07-01
PO2010,Supplier 50,IT Equipment,7391.47,2029-07-02
PO2011,Supplier 12,Raw Materials,10572.62,2029-07-03
PO2012,Supplier 8,Logistics,6240.96,2029-07-04
PO2013,Supplier 8,Logistics,981.46,2029-07-05
PO2014,Supplier 50,Packaging,22045.13,2029-07-06
PO2015,Supplier 28,Packaging,24157.44,2029-07-07
PO2016,Supplier 20,Raw Materials,8868.47,2029-07-08
PO2017,Supplier 47,Chemicals,8793.42,2029-07-09
PO2018,Supplier 7,Packaging,673.75,2029-07-10
PO2019,Supplier 11,Packaging,17166.14,2029-07-11
PO2020,Supplier 20,Logistics,20723.28,2029-07-12
PO2021,Supplier 16,Chemicals,4091.9,2029-07-13
PO2022,Supplier 4,IT Equipment,4411.83,2029-07-14
PO2023,Supplier 6,Raw Materials,19857.04,2029-07-15
PO2024,Supplier 22,Packaging,15599.12,2029-07-16
PO2025,Supplier 26,Chemicals,1599.08,2029-07-17
PO2026,Supplier 3,Chemicals,15752.4,2029-07-18
PO2027,Supplier 41,Raw Materials,8068.48,2029-07-19
PO2028,Supplier 42,Chemicals,9533.77,2029-07-20
PO2029,Supplier 14,Chemicals,19358.42,2029-07-21
PO2030,Supplier 11,Chemicals,20367.91,2029-07-22
PO2031,Supplier 18,Packaging,10308.74,2029-07-23
PO2032,Supplier 12,Raw Materials,23705.25,2029-07-24
PO2033,Supplier 23,Chemicals,10458.34,2029-07-25
PO2034,Supplier 12,Chemicals,19409.98,2029-07-26
PO2035,Supplier 13,Packaging,12354.99,2029-07-27
PO2036,Supplier 25,Raw Materials,22489.54,2029-07-28
PO2037,Supplier 45,Logistics,22740.15,2029-07-29
PO2038,Supplier 19,Packaging,2641.71,2029-07-30
PO2039,Supplier 46,Raw Materials,23444.09,2029-07-31
PO2040,Supplier 36,Chemicals,20725.6,2029-08-01
PO2041,Supplier 45,Raw Materials,19887.11,2029-08-02
PO2042,Supplier 8,Raw Materials,5422.33,2029-08-03
PO2043,Supplier 29,IT Equipment,20225.42,2029-08-04
PO2044,Supplier 32,Raw Materials,21328.25,2029-08-05
PO2045,Supplier 44,Logistics,7584.18,2029-08-06
PO2046,Supplier 18,Raw Materials,23830.37,2029-08-07
PO2047,Supplier 6,Logistics,1721.57,2029-08-08
PO2048,Supplier 18,Chemicals,4172.78,2029-08-09
PO2049,Supplier 19,Logistics,13670.74,2029-08-10
PO2050,Supplier 22,Chemicals,14606.92,2029-08-11
PO2051,Supplier 37,Chemicals,16306.18,2029-08-12
PO2052,Supplier 32,Logistics,915.74,2029-08-13
PO2053,Supplier 41,Packaging,24028.99,2029-08-14
PO2054,Supplier 3,Maintenance,1592.41,2029-08-15
PO2055,Supplier 28,Raw Materials,4005.02,2029-08-16
PO2056,Supplier 10,IT Equipment,843.36,2029-08-17
PO2057,Supplier 35,Maintenance,14388.03,2029-08-18
PO2058,Supplier 29,Raw Materials,23340.54,2029-08-19
PO2059,Supplier 15,Raw Materials,16815.71,2029-08-20
PO2060,Supplier 33,Chemicals,20655.11,2029-08-21
PO2061,Supplier 7,Raw Materials,825.39,2029-08-22
PO2062,Supplier 12,IT Equipment,13779.37,2029-08-23
PO2063,Supplier 49,Raw Materials,11759.29,2029-08-24
PO2064,Supplier 30,Logistics,12724.71,2029-08-25
PO2065,Supplier 21,Maintenance,2269.22,2029-08-26
PO2066,Supplier 31,Logistics,17268.67,2029-08-27
PO2067,Supplier 24,IT Equipment,12828.9,2029-08-28
PO2068,Supplier 20,Raw Materials,19246.15,2029-08-29
PO2069,Supplier 37,IT Equipment,12389.62,2029-08-30
PO2070,Supplier 4,Chemicals,4159.85,2029-08-31
PO2071,Supplier 28,Logistics,16382.3,2029-09-01
PO2072,Supplier 44,Logistics,4723.47,2029-09-02
PO2073,Supplier 20,Packaging,21873.67,2029-09-03
PO2074,Supplier 24,Raw Materials,15521.35,2029-09-04
PO2075,Supplier 50,Chemicals,4351.5,2029-09-05
PO2076,Supplier 49,Logistics,24077.28,2029-09-06
PO2077,Supplier 32,Logistics,13199.95,2029-09-07
PO2078,Supplier 41,Chemicals,2286.01,2029-09-08
PO2079,Supplier 36,IT Equipment,15857.41,2029-09-09
PO2080,Supplier 34,IT Equipment,6703.37,2029-09-10
PO2081,Supplier 36,Raw Materials,20190.49,2029-09-11
PO2082,Supplier 2,Packaging,20536.64,2029-09-12
PO2083,Supplier 15,Logistics,24484.21,2029-09-13
PO2084,Supplier 34,Packaging,12795.8,2029-09-14
PO2085,Supplier 36,IT Equipment,11646.44,2029-09-15
PO2086,Supplier 6,IT Equipment,18960.15,2029-09-16
PO2087,Supplier 39,Maintenance,3745.53,2029-09-17
PO2088,Supplier 42,Raw Materials,13899.43,2029-09-18
PO2089,Supplier 12,Maintenance,13883.07,2029-09-19
PO2090,Supplier 3,Maintenance,2692.09,2029-09-20
PO2091,Supplier 45,Maintenance,10740.61,2029-09-21
PO2092,Supplier 18,Raw Materials,21405.48,2029-09-22
PO2093,Supplier 40,Raw Materials,21475.76,2029-09-23
PO2094,Supplier 21,Chemicals,2931.32,2029-09-24
PO2095,Supplier 15,Packaging,2722.66,2029-09-25
PO2096,Supplier 33,Packaging,6936.04,2029-09-26
PO2097,Supplier 35,Chemicals,21931.77,2029-09-27
PO2098,Supplier 26,Chemicals,3658.11,2029-09-28
PO2099,Supplier 8,IT Equipment,18139.92,2029-09-29
PO2100,Supplier 36,Maintenance,2978.56,2029-09-30
PO2101,Supplier 48,Chemicals,15766.88,2029-10-01
PO2102,Supplier 30,Logistics,9223.65,2029-10-02
PO2103,Supplier 23,Packaging,19828.39,2029-10-03
PO2104,Supplier 42,Chemicals,6225.42,2029-10-04
PO2105,Supplier 44,Logistics,16160.44,2029-10-05
PO2106,Supplier 14,Logistics,6274.22,2029-10-06
PO2107,Supplier 14,Logistics,17984.68,2029-10-07
PO2108,Supplier 2,IT Equipment,21905.11,2029-10-08
PO2109,Supplier 37,IT Equipment,3606.64,2029-10-09
PO2110,Supplier 5,Logistics,21731.59,2029-10-10
PO2111,Supplier 38,IT Equipment,15042.59,2029-10-11
PO2112,Supplier 45,Maintenance,3614.21,2029-10-12
PO2113,Supplier 41,Logistics,10974.78,2029-10-13
PO2114,Supplier 47,Maintenance,4441.08,2029-10-14
PO2115,Supplier 14,Maintenance,17658.52,2029-10-15
PO2116,Supplier 39,Logistics,19092.27,2029-10-16
PO2117,Supplier 25,Packaging,3092.01,2029-10-17
PO2118,Supplier 20,Logistics,12900.43,2029-10-18
PO2119,Supplier 2,Logistics,20458.31,2029-10-19
PO2120,Supplier 39,IT Equipment,23435.99,2029-10-20
PO2121,Supplier 6,Logistics,13081.19,2029-10-21
PO2122,Supplier 17,Packaging,23781.84,2029-10-22
PO2123,Supplier 25,IT Equipment,13624.38,2029-10-23
PO2124,Supplier 28,Raw Materials,10157.67,2029-10-24
PO2125,Supplier 2,Raw Materials,21280.98,2029-10-25
PO2126,Supplier 35,Maintenance,12578.08,2029-10-26
PO2127,Supplier 37,Maintenance,12061.61,2029-10-27
PO2128,Supplier 5,Packaging,12512.66,2029-10-28
PO2129,Supplier 1,Chemicals,21246.23,2029-10-29
PO2130,Supplier 40,Raw Materials,20882.57,2029-10-30
PO2131,Supplier 12,Maintenance,10386.24,2029-10-31
PO2132,Supplier 36,Raw Materials,8665.85,2029-11-01
PO2133,Supplier 45,Packaging,12552.24,2029-11-02
PO2134,Supplier 23,Packaging,14532.93,2029-11-03
PO2135,Supplier 47,Chemicals,6339.26,2029-11-04
PO2136,Supplier 31,Chemicals,19951.9,2029-11-05
PO2137,Supplier 11,IT Equipment,12418.83,2029-11-06
PO2138,Supplier 10,Packaging,8684.12,2029-11-07
PO2139,Supplier 3,Maintenance,3117.11,2029-11-08
PO2140,Supplier 14,Raw Materials,6351.71,2029-11-09
PO2141,Supplier 16,Logistics,23757.39,2029-11-10
PO2142,Supplier 10,Chemicals,7974.94,2029-11-11
PO2143,Supplier 29,Logistics,4637.05,2029-11-12
PO2144,Supplier 10,Maintenance,11786.48,2029-11-13
PO2145,Supplier 12,Chemicals,8023.65,2029-11-14
PO2146,Supplier 30,Logistics,1361.4,2029-11-15
PO2147,Supplier 41,Maintenance,8417.06,2029-11-16
PO2148,Supplier 1,Raw Materials,13830.66,2029-11-17
PO2149,Supplier 5,Maintenance,14016.95,2029-11-18
PO2150,Supplier 20,IT Equipment,9235.69,2029-11-19
PO2151,Supplier 8,Chemicals,11458.92,2029-11-20
PO2152,Supplier 43,Packaging,24155.19,2029-11-21
PO2153,Supplier 12,Raw Materials,9745.04,2029-11-22
PO2154,Supplier 1,Logistics,6826.56,2029-11-23
PO2155,Supplier 20,Chemicals,6464.94,2029-11-24
PO2156,Supplier 28,Packaging,11715.23,2029-11-25
PO2157,Supplier 43,Maintenance,19108.24,2029-11-26
PO2158,Supplier 37,Packaging,5546.71,2029-11-27
PO2159,Supplier 47,Chemicals,17877.76,2029-11-28
PO2160,Supplier 37,Chemicals,1018.17,2029-11-29
PO2161,Supplier 12,IT Equipment,10763.86,2029-11-30
PO2162,Supplier 37,IT Equipment,19508.69,2029-12-01
PO2163,Supplier 49,Packaging,8798.96,2029-12-02
PO2164,Supplier 49,Maintenance,14311.56,2029-12-03
PO2165,Supplier 44,Packaging,5521.99,2029-12-04
PO2166,Supplier 28,Chemicals,18678.89,2029-12-05
PO2167,Supplier 47,Chemicals,1780.84,2029-12-06
PO2168,Supplier 15,Logistics,21387.29,2029-12-07
PO2169,Supplier 6,IT Equipment,5355.81,2029-12-08
PO2170,Supplier 44,Logistics,21922.75,2029-12-09
PO2171,Supplier 20,Raw Materials,9136.97,2029-12-10
PO2172,Supplier 50,Chemicals,18205.75,2029-12-11
PO2173,Supplier 14,Logistics,8321.02,2029-12-12
PO2174,Supplier 2,Packaging,22694.84,2029-12-13
PO2175,Supplier 9,IT Equipment,3602.61,2029-12-14
PO2176,Supplier 37,IT Equipment,4873.73,2029-12-15
PO2177,Supplier 20,Maintenance,12579.24,2029-12-16
PO2178,Supplier 26,Packaging,2507.49,2029-12-17
PO2179,Supplier 29,Maintenance,5301.51,2029-12-18
PO2180,Supplier 1,Logistics,23622.28,2029-12-19
PO2181,Supplier 35,Raw Materials,24424.0,2029-12-20
PO2182,Supplier 6,Packaging,9718.35,2029-12-21
PO2183,Supplier 37,Packaging,23120.51,2029-12-22
PO2184,Supplier 5,Packaging,13848.2,2029-12-23
PO2185,Supplier 33,Maintenance,7108.69,2029-12-24
PO2186,Supplier 49,Logistics,17708.77,2029-12-25
PO2187,Supplier 14,Packaging,16643.09,2029-12-26
PO2188,Supplier 12,Packaging,24733.57,2029-12-27
PO2189,Supplier 42,IT Equipment,6993.66,2029-12-28
PO2190,Supplier 20,Raw Materials,16965.46,2029-12-29
PO2191,Supplier 50,IT Equipment,1774.58,2029-12-30
PO2192,Supplier 24,IT Equipment,3284.33,2029-12-31
PO2193,Supplier 43,Raw Materials,596.0,2030-01-01
PO2194,Supplier 34,Logistics,24986.79,2030-01-02
PO2195,Supplier 25,IT Equipment,20155.71,2030-01-03
PO2196,Supplier 50,Logistics,19774.71,2030-01-04
PO2197,Supplier 29,IT Equipment,12988.29,2030-01-05
PO2198,Supplier 39,Chemicals,7851.64,2030-01-06
PO2199,Supplier 31,Raw Materials,4205.97,2030-01-07
PO2200,Supplier 47,IT Equipment,7474.53,2030-01-08
PO2201,Supplier 43,Chemicals,9711.29,2030-01-09
PO2202,Supplier 50,Maintenance,19029.6,2030-01-10
PO2203,Supplier 23,Chemicals,13721.71,2030-01-11
PO2204,Supplier 44,Packaging,2398.35,2030-01-12
PO2205,Supplier 38,IT Equipment,941.71,2030-01-13
PO2206,Supplier 20,Chemicals,3007.14,2030-01-14
PO2207,Supplier 23,Logistics,10557.22,2030-01-15
PO2208,Supplier 45,Maintenance,23363.23,2030-01-16
PO2209,Supplier 16,IT Equipment,16116.36,2030-01-17
PO2210,Supplier 50,Packaging,20144.73,2030-01-18
PO2211,Supplier 42,Chemicals,11926.18,2030-01-19
PO2212,Supplier 8,Maintenance,9360.82,2030-01-20
PO2213,Supplier 50,IT Equipment,3155.81,2030-01-21
PO2214,Supplier 21,Maintenance,21960.36,2030-01-22
PO2215,Supplier 1,Packaging,19687.42,2030-01-23
PO2216,Supplier 8,Chemicals,4618.89,2030-01-24
PO2217,Supplier 29,Maintenance,13050.38,2030-01-25
PO2218,Supplier 32,Maintenance,12440.68,2030-01-26
PO2219,Supplier 38,Raw Materials,15814.74,2030-01-27
PO2220,Supplier 5,Maintenance,23681.58,2030-01-28
PO2221,Supplier 47,Raw Materials,14704.4,2030-01-29
PO2222,Supplier 22,Chemicals,13735.32,2030-01-30
PO2223,Supplier 47,IT Equipment,1732.91,2030-01-31
PO2224,Supplier 34,IT Equipment,2041.23,2030-02-01
PO2225,Supplier 1,Chemicals,5090.0,2030-02-02
PO2226,Supplier 26,Chemicals,1295.53,2030-02-03
PO2227,Supplier 43,Logistics,18712.15,2030-02-04
PO2228,Supplier 10,Chemicals,18221.59,2030-02-05
PO2229,Supplier 30,Maintenance,3833.38,2030-02-06
PO2230,Supplier 50,IT Equipment,20983.93,2030-02-07
PO2231,Supplier 18,Packaging,4292.26,2030-02-08
PO2232,Supplier 17,IT Equipment,7878.8,2030-02-09
PO2233,Supplier 26,Raw Materials,6599.93,2030-02-10
PO2234,Supplier 8,IT Equipment,9621.52,2030-02-11
PO2235,Supplier 47,Logistics,6739.26,2030-02-12
PO2236,Supplier 40,Chemicals,12479.3,2030-02-13
PO2237,Supplier 49,Chemicals,10481.49,2030-02-14
PO2238,Supplier 12,IT Equipment,24670.95,2030-02-15
PO2239,Supplier 27,Packaging,1870.2,2030-02-16
PO2240,Supplier 8,Packaging,3983.44,2030-02-17
PO2241,Supplier 25,Logistics,1794.23,2030-02-18
PO2242,Supplier 46,Raw Materials,15833.11,2030-02-19
PO2243,Supplier 4,IT Equipment,1835.48,2030-02-20
PO2244,Supplier 33,Chemicals,20992.77,2030-02-21
PO2245,Supplier 1,IT Equipment,13042.5,2030-02-22
PO2246,Supplier 19,Logistics,13411.69,2030-02-23
PO2247,Supplier 31,Maintenance,14259.07,2030-02-24
PO2248,Supplier 16,Maintenance,4684.94,2030-02-25
PO2249,Supplier 14,Logistics,5343.41,2030-02-26
PO2250,Supplier 48,Chemicals,8311.02,2030-02-27
PO2251,Supplier 5,Logistics,15040.66,2030-02-28
PO2252,Supplier 41,Chemicals,5647.89,2030-03-01
PO2253,Supplier 26,Packaging,3350.13,2030-03-02
PO2254,Supplier 28,Logistics,24267.86,2030-03-03
PO2255,Supplier 2,Chemicals,1038.55,2030-03-04
PO2256,Supplier 50,Logistics,20166.09,2030-03-05
PO2257,Supplier 6,Logistics,19806.86,2030-03-06
PO2258,Supplier 9,Chemicals,7781.75,2030-03-07
PO2259,Supplier 33,Chemicals,3822.85,2030-03-08
PO2260,Supplier 41,Raw Materials,4067.9,2030-03-09
PO2261,Supplier 25,Logistics,17587.07,2030-03-10
PO2262,Supplier 48,Maintenance,16248.76,2030-03-11
PO2263,Supplier 13,Logistics,19677.27,2030-03-12
PO2264,Supplier 9,Logistics,23468.29,2030-03-13
PO2265,Supplier 13,Chemicals,17452.22,2030-03-14
PO2266,Supplier 31,Logistics,4318.36,2030-03-15
PO2267,Supplier 41,IT Equipment,6464.34,2030-03-16
PO2268,Supplier 11,Logistics,21133.75,2030-03-17
PO2269,Supplier 4,IT Equipment,5628.0,2030-03-18
PO2270,Supplier 34,Maintenance,2276.8,2030-03-19
PO2271,Supplier 38,Chemicals,17730.36,2030-03-20
PO2272,Supplier 46,Logistics,10361.9,2030-03-21
PO2273,Supplier 4,IT Equipment,23040.98,2030-03-22
PO2274,Supplier 38,IT Equipment,16431.25,2030-03-23
PO2275,Supplier 19,IT Equipment,2715.26,2030-03-24
PO2276,Supplier 6,Packaging,23722.49,2030-03-25
PO2277,Supplier 34,Raw Materials,6834.65,2030-03-26
PO2278,Supplier 18,Maintenance,8761.71,2030-03-27
PO2279,Supplier 13,Logistics,10355.38,2030-03-28
PO2280,Supplier 41,Packaging,1755.0,2030-03-29
PO2281,Supplier 23,Logistics,12664.63,2030-03-30
PO2282,Supplier 19,Logistics,3521.3,2030-03-31
PO2283,Supplier 45,Chemicals,10323.77,2030-04-01
PO2284,Supplier 11,Chemicals,9092.39,2030-04-02
PO2285,Supplier 1,Chemicals,19434.58,2030-04-03
PO2286,Supplier 24,Packaging,20177.68,2030-04-04
PO2287,Supplier 7,Logistics,4258.62,2030-04-05
PO2288,Supplier 25,Raw Materials,9480.5,2030-04-06
PO2289,Supplier 21,Maintenance,9647.15,2030-04-07
PO2290,Supplier 15,Chemicals,4209.56,2030-04-08
PO2291,Supplier 1,Chemicals,20062.11,2030-04-09
PO2292,Supplier 12,Logistics,17827.09,2030-04-10
PO2293,Supplier 7,Logistics,5164.35,2030-04-11
PO2294,Supplier 15,Packaging,9484.69,2030-04-12
PO2295,Supplier 21,Packaging,3092.22,2030-04-13
PO2296,Supplier 19,Chemicals,15891.06,2030-04-14
PO2297,Supplier 29,Logistics,3473.61,2030-04-15
PO2298,Supplier 25,Raw Materials,24655.39,2030-04-16
PO2299,Supplier 33,Maintenance,19626.71,2030-04-17
PO2300,Supplier 49,Logistics,10060.84,2030-04-18
PO2301,Supplier 32,Logistics,14674.82,2030-04-19
PO2302,Supplier 49,IT Equipment,22827.87,2030-04-20
PO2303,Supplier 35,Packaging,14075.43,2030-04-21
PO2304,Supplier 44,Maintenance,4775.21,2030-04-22
PO2305,Supplier 38,Chemicals,9778.23,2030-04-23
PO2306,Supplier 26,Logistics,21157.05,2030-04-24
PO2307,Supplier 11,Chemicals,16283.22,2030-04-25
PO2308,Supplier 35,Logistics,16442.75,2030-04-26
PO2309,Supplier 8,Chemicals,21737.13,2030-04-27
PO2310,Supplier 46,Maintenance,22402.34,2030-04-28
PO2311,Supplier 14,Packaging,23034.92,2030-04-29
PO2312,Supplier 10,Maintenance,2823.81,2030-04-30
PO2313,Supplier 2,IT Equipment,13831.09,2030-05-01
PO2314,Supplier 46,Raw Materials,18642.48,2030-05-02
PO2315,Supplier 9,Packaging,19044.71,2030-05-03
PO2316,Supplier 3,Maintenance,15364.55,2030-05-04
PO2317,Supplier 21,IT Equipment,4586.29,2030-05-05
PO2318,Supplier 26,Raw Materials,20036.8,2030-05-06
PO2319,Supplier 8,IT Equipment,18142.73,2030-05-07
PO2320,Supplier 48,Logistics,2610.33,2030-05-08
PO2321,Supplier 2,Logistics,11863.34,2030-05-09
PO2322,Supplier 6,Chemicals,4762.45,2030-05-10
PO2323,Supplier 28,Packaging,8768.19,2030-05-11
PO2324,Supplier 29,Logistics,942.99,2030-05-12
PO2325,Supplier 26,IT Equipment,10308.08,2030-05-13
PO2326,Supplier 25,Packaging,13971.98,2030-05-14
PO2327,Supplier 12,Logistics,15679.77,2030-05-15
PO2328,Supplier 5,Chemicals,16755.51,2030-05-16
PO2329,Supplier 34,Maintenance,20989.14,2030-05-17
PO2330,Supplier 48,Chemicals,5778.84,2030-05-18
PO2331,Supplier 37,Raw Materials,3451.8,2030-05-19
PO2332,Supplier 15,Logistics,21362.66,2030-05-20
PO2333,Supplier 44,Raw Materials,4337.01,2030-05-21
PO2334,Supplier 36,Raw Materials,24381.62,2030-05-22
PO2335,Supplier 15,IT Equipment,21142.19,2030-05-23
PO2336,Supplier 43,Packaging,12771.48,2030-05-24
PO2337,Supplier 48,IT Equipment,24544.82,2030-05-25
PO2338,Supplier 23,Logistics,2885.73,2030-05-26
PO2339,Supplier 6,Raw Materials,7925.11,2030-05-27
PO2340,Supplier 46,Maintenance,16136.5,2030-05-28
PO2341,Supplier 50,Raw Materials,9075.17,2030-05-29
PO2342,Supplier 44,Maintenance,23245.13,2030-05-30
PO2343,Supplier 43,IT Equipment,2107.84,2030-05-31
PO2344,Supplier 45,IT Equipment,13960.59,2030-06-01
PO2345,Supplier 21,Packaging,14976.22,2030-06-02
PO2346,Supplier 23,Raw Materials,16491.84,2030-06-03
PO2347,Supplier 43,Chemicals,6763.82,2030-06-04
PO2348,Supplier 16,IT Equipment,9431.88,2030-06-05
PO2349,Supplier 47,IT Equipment,21170.17,2030-06-06
PO2350,Supplier 15,Packaging,5276.1,2030-06-07
PO2351,Supplier 25,Maintenance,20758.26,2030-06-08
PO2352,Supplier 36,Packaging,14285.06,2030-06-09
PO2353,Supplier 11,Raw Materials,19173.59,2030-06-10
PO2354,Supplier 15,Logistics,17983.38,2030-06-11
PO2355,Supplier 4,Logistics,5584.03,2030-06-12
PO2356,Supplier 21,Maintenance,14435.91,2030-06-13
PO2357,Supplier 13,IT Equipment,21759.22,2030-06-14
PO2358,Supplier 22,Maintenance,11086.85,2030-06-15
PO2359,Supplier 19,IT Equipment,24181.47,2030-06-16
PO2360,Supplier 34,IT Equipment,11579.27,2030-06-17
PO2361,Supplier 14,Logistics,3998.25,2030-06-18
PO2362,Supplier 4,Maintenance,10041.15,2030-06-19
PO2363,Supplier 48,Packaging,23816.71,2030-06-20
PO2364,Supplier 46,IT Equipment,8333.16,2030-06-21
PO2365,Supplier 27,Chemicals,21768.4,2030-06-22
PO2366,Supplier 29,Chemicals,22090.64,2030-06-23
PO2367,Supplier 47,Packaging,9079.57,2030-06-24
PO2368,Supplier 28,Chemicals,2539.81,2030-06-25
PO2369,Supplier 35,Raw Materials,18251.67,2030-06-26
PO2370,Supplier 8,IT Equipment,8132.05,2030-06-27
PO2371,Supplier 16,Packaging,19681.63,2030-06-28
PO2372,Supplier 42,Maintenance,11345.04,2030-06-29
PO2373,Supplier 36,IT Equipment,12389.04,2030-06-30
PO2374,Supplier 30,Packaging,19558.78,2030-07-01
PO2375,Supplier 18,Logistics,9867.9,2030-07-02
PO2376,Supplier 2,Maintenance,11356.62,2030-07-03
PO2377,Supplier 49,Logistics,9716.67,2030-07-04
PO2378,Supplier 13,IT Equipment,9499.84,2030-07-05
PO2379,Supplier 4,Maintenance,13385.69,2030-07-06
PO2380,Supplier 26,Chemicals,20315.59,2030-07-07
PO2381,Supplier 25,Packaging,9363.32,2030-07-08
PO2382,Supplier 30,IT Equipment,13344.24,2030-07-09
PO2383,Supplier 11,Raw Materials,16932.82,2030-07-10
PO2384,Supplier 7,Maintenance,7101.27,2030-07-11
PO2385,Supplier 31,Maintenance,7299.31,2030-07-12
PO2386,Supplier 44,IT Equipment,23368.62,2030-07-13
PO2387,Supplier 10,IT Equipment,18226.6,2030-07-14
PO2388,Supplier 39,Logistics,14641.07,2030-07-15
PO2389,Supplier 13,Chemicals,16369.14,2030-07-16
PO2390,Supplier 31,Logistics,1217.84,2030-07-17
PO2391,Supplier 7,Logistics,15643.52,2030-07-18
PO2392,Supplier 49,Chemicals,12982.97,2030-07-19
PO2393,Supplier 42,Raw Materials,13870.87,2030-07-20
PO2394,Supplier 42,Logistics,9305.88,2030-07-21
PO2395,Supplier 36,Logistics,2496.11,2030-07-22
PO2396,Supplier 20,Maintenance,5236.81,2030-07-23
PO2397,Supplier 4,Chemicals,23793.25,2030-07-24
PO2398,Supplier 7,Packaging,10513.14,2030-07-25
PO2399,Supplier 1,Raw Materials,11933.74,2030-07-26
PO2400,Supplier 44,Raw Materials,1791.39,2030-07-27
PO2401,Supplier 45,Chemicals,1420.37,2030-07-28
PO2402,Supplier 42,IT Equipment,18070.95,2030-07-29
PO2403,Supplier 47,IT Equipment,13683.32,2030-07-30
PO2404,Supplier 13,Maintenance,12963.3,2030-07-31
PO2405,Supplier 22,Maintenance,6456.55,2030-08-01
PO2406,Supplier 21,Chemicals,18746.39,2030-08-02
PO2407,Supplier 22,Maintenance,4621.8,2030-08-03
PO2408,Supplier 28,Raw Materials,5153.4,2030-08-04
PO2409,Supplier 9,Raw Materials,11787.45,2030-08-05
PO2410,Supplier 26,Packaging,7513.86,2030-08-06
PO2411,Supplier 9,IT Equipment,6562.84,2030-08-07
PO2412,Supplier 15,Chemicals,16308.32,2030-08-08
PO2413,Supplier 10,Logistics,16448.81,2030-08-09
PO2414,Supplier 24,IT Equipment,20700.67,2030-08-10
PO2415,Supplier 42,Logistics,10733.86,2030-08-11
PO2416,Supplier 8,Packaging,2290.58,2030-08-12
PO2417,Supplier 24,Packaging,7204.83,2030-08-13
PO2418,Supplier 16,Maintenance,24510.13,2030-08-14
PO2419,Supplier 49,Packaging,15108.34,2030-08-15
PO2420,Supplier 26,Packaging,17888.56,2030-08-16
PO2421,Supplier 27,Logistics,680.27,2030-08-17
PO2422,Supplier 37,Maintenance,13196.04,2030-08-18
PO2423,Supplier 4,Packaging,1419.45,2030-08-19
PO2424,Supplier 50,IT Equipment,14446.14,2030-08-20
PO2425,Supplier 24,Packaging,23058.89,2030-08-21
PO2426,Supplier 19,Maintenance,24226.27,2030-08-22
PO2427,Supplier 36,Chemicals,13743.54,2030-08-23
PO2428,Supplier 39,Maintenance,11726.02,2030-08-24
PO2429,Supplier 10,Logistics,23652.92,2030-08-25
PO2430,Supplier 25,Chemicals,17003.44,2030-08-26
PO2431,Supplier 18,IT Equipment,2090.03,2030-08-27
PO2432,Supplier 19,Raw Materials,11910.28,2030-08-28
PO2433,Supplier 36,Maintenance,6386.0,2030-08-29
PO2434,Supplier 10,Logistics,12010.21,2030-08-30
PO2435,Supplier 33,IT Equipment,11658.91,2030-08-31
PO2436,Supplier 50,Chemicals,14762.55,2030-09-01
PO2437,Supplier 5,IT Equipment,9240.88,2030-09-02
PO2438,Supplier 47,Maintenance,4524.63,2030-09-03
PO2439,Supplier 49,Packaging,12841.13,2030-09-04
PO2440,Supplier 35,Maintenance,20839.97,2030-09-05
PO2441,Supplier 44,Raw Materials,16768.3,2030-09-06
PO2442,Supplier 34,Maintenance,8790.01,2030-09-07
PO2443,Supplier 33,Chemicals,23420.31,2030-09-08
PO2444,Supplier 21,Chemicals,22849.09,2030-09-09
PO2445,Supplier 17,Maintenance,5629.04,2030-09-10
PO2446,Supplier 22,Chemicals,1465.73,2030-09-11
PO2447,Supplier 48,Packaging,18662.06,2030-09-12
PO2448,Supplier 37,IT Equipment,20776.45,2030-09-13
PO2449,Supplier 15,Maintenance,24212.68,2030-09-14
PO2450,Supplier 35,Packaging,22300.99,2030-09-15
PO2451,Supplier 28,IT Equipment,15213.1,2030-09-16
PO2452,Supplier 7,IT Equipment,13486.28,2030-09-17
PO2453,Supplier 32,Packaging,1182.11,2030-09-18
PO2454,Supplier 11,Logistics,6543.08,2030-09-19
PO2455,Supplier 10,Maintenance,11760.56,2030-09-20
PO2456,Supplier 9,IT Equipment,15898.35,2030-09-21
PO2457,Supplier 14,IT Equipment,14152.67,2030-09-22
PO2458,Supplier 13,Chemicals,18694.58,2030-09-23
PO2459,Supplier 25,IT Equipment,7354.29,2030-09-24
PO2460,Supplier 2,Packaging,14341.34,2030-09-25
PO2461,Supplier 35,IT Equipment,2659.48,2030-09-26
PO2462,Supplier 7,Logistics,10634.81,2030-09-27
PO2463,Supplier 21,Maintenance,18878.94,2030-09-28
PO2464,Supplier 18,Maintenance,17488.32,2030-09-29
PO2465,Supplier 3,IT Equipment,24770.75,2030-09-30
PO2466,Supplier 42,Raw Materials,7308.33,2030-10-01
PO2467,Supplier 39,Raw Materials,12705.64,2030-10-02
PO2468,Supplier 41,Packaging,8573.5,2030-10-03
PO2469,Supplier 49,Raw Materials,11294.78,2030-10-04
PO2470,Supplier 11,Packaging,21495.28,2030-10-05
PO2471,Supplier 39,Chemicals,17263.12,2030-10-06
PO2472,Supplier 24,Packaging,22119.81,2030-10-07
PO2473,Supplier 46,Raw Materials,5486.02,2030-10-08
PO2474,Supplier 19,IT Equipment,21897.35,2030-10-09
PO2475,Supplier 4,Chemicals,1964.18,2030-10-10
PO2476,Supplier 26,Raw Materials,22270.68,2030-10-11
PO2477,Supplier 38,Packaging,8562.31,2030-10-12
PO2478,Supplier 42,Logistics,8207.4,2030-10-13
PO2479,Supplier 32,Maintenance,13046.17,2030-10-14
PO2480,Supplier 39,Raw Materials,23546.91,2030-10-15
PO2481,Supplier 45,Packaging,1670.64,2030-10-16
PO2482,Supplier 46,Chemicals,9129.66,2030-10-17
PO2483,Supplier 36,Raw Materials,21486.01,2030-10-18
PO2484,Supplier 40,Raw Materials,10203.33,2030-10-19
PO2485,Supplier 37,Maintenance,5379.34,2030-10-20
PO2486,Supplier 33,Packaging,10907.46,2030-10-21
PO2487,Supplier 36,Logistics,9946.04,2030-10-22
PO2488,Supplier 3,Chemicals,22927.7,2030-10-23
PO2489,Supplier 9,Packaging,19167.39,2030-10-24
PO2490,Supplier 8,Chemicals,12875.33,2030-10-25
PO2491,Supplier 33,Raw Materials,24715.08,2030-10-26
PO2492,Supplier 6,Maintenance,11899.3,2030-10-27
PO2493,Supplier 41,Maintenance,1926.83,2030-10-28
PO2494,Supplier 39,IT Equipment,6925.72,2030-10-29
PO2495,Supplier 4,Logistics,11183.73,2030-10-30
PO2496,Supplier 13,Maintenance,4344.11,2030-10-31
PO2497,Supplier 49,Raw Materials,23715.35,2030-11-01
PO2498,Supplier 2,Logistics,19287.8,2030-11-02
PO2499,Supplier 5,Packaging,7073.04,2030-11-03
PO2500,Supplier 44,Maintenance,14974.71,2030-11-04
PO2501,Supplier 27,Logistics,18175.5,2030-11-05
PO2502,Supplier 32,Raw Materials,23561.33,2030-11-06
PO2503,Supplier 21,IT Equipment,22100.07,2030-11-07
PO2504,Supplier 8,Chemicals,13122.21,2030-11-08
PO2505,Supplier 38,Chemicals,19478.99,2030-11-09
PO2506,Supplier 8,Raw Materials,14272.55,2030-11-10
PO2507,Supplier 50,Raw Materials,14041.25,2030-11-11
PO2508,Supplier 3,Chemicals,3311.18,2030-11-12
PO2509,Supplier 44,IT Equipment,3590.37,2030-11-13
PO2510,Supplier 3,Logistics,13473.57,2030-11-14
PO2511,Supplier 22,Chemicals,7087.11,2030-11-15
PO2512,Supplier 6,Raw Materials,1015.4,2030-11-16
PO2513,Supplier 2,Maintenance,18209.56,2030-11-17
PO2514,Supplier 23,Packaging,1295.92,2030-11-18
PO2515,Supplier 44,IT Equipment,15084.28,2030-11-19
PO2516,Supplier 2,IT Equipment,13710.25,2030-11-20
PO2517,Supplier 38,Maintenance,24235.96,2030-11-21
PO2518,Supplier 17,Maintenance,12363.22,2030-11-22
PO2519,Supplier 35,Raw Materials,2058.24,2030-11-23
PO2520,Supplier 34,Chemicals,14016.36,2030-11-24
PO2521,Supplier 23,Logistics,21106.86,2030-11-25
PO2522,Supplier 30,IT Equipment,24922.81,2030-11-26
PO2523,Supplier 8,IT Equipment,11043.41,2030-11-27
PO2524,Supplier 22,Maintenance,8347.32,2030-11-28
PO2525,Supplier 44,Chemicals,22713.01,2030-11-29
PO2526,Supplier 36,IT Equipment,5185.43,2030-11-30
PO2527,Supplier 5,Logistics,15578.01,2030-12-01
PO2528,Supplier 13,Maintenance,10440.0,2030-12-02
PO2529,Supplier 29,Logistics,1506.52,2030-12-03
PO2530,Supplier 31,Chemicals,9008.57,2030-12-04
PO2531,Supplier 47,IT Equipment,6998.1,2030-12-05
PO2532,Supplier 16,Packaging,17309.23,2030-12-06
PO2533,Supplier 42,IT Equipment,23745.37,2030-12-07
PO2534,Supplier 30,Chemicals,7067.16,2030-12-08
PO2535,Supplier 16,IT Equipment,20380.92,2030-12-09
PO2536,Supplier 12,IT Equipment,1856.32,2030-12-10
PO2537,Supplier 17,Raw Materials,13683.96,2030-12-11
PO2538,Supplier 16,IT Equipment,2228.48,2030-12-12
PO2539,Supplier 12,IT Equipment,23383.81,2030-12-13
PO2540,Supplier 8,Logistics,19275.61,2030-12-14
PO2541,Supplier 20,Packaging,16619.77,2030-12-15
PO2542,Supplier 3,Logistics,20685.46,2030-12-16
PO2543,Supplier 16,Logistics,16364.23,2030-12-17
PO2544,Supplier 30,Maintenance,24239.14,2030-12-18
PO2545,Supplier 45,Raw Materials,17991.97,2030-12-19
PO2546,Supplier 23,Logistics,23154.14,2030-12-20
PO2547,Supplier 28,Chemicals,13169.73,2030-12-21
PO2548,Supplier 40,Chemicals,3368.08,2030-12-22
PO2549,Supplier 5,IT Equipment,13440.35,2030-12-23
PO2550,Supplier 20,Maintenance,3608.38,2030-12-24
PO2551,Supplier 40,Raw Materials,15016.09,2030-12-25
PO2552,Supplier 44,Raw Materials,12321.08,2030-12-26
PO2553,Supplier 1,IT Equipment,15753.1,2030-12-27
PO2554,Supplier 30,Chemicals,746.15,2030-12-28
PO2555,Supplier 21,Packaging,5273.59,2030-12-29
PO2556,Supplier 20,Maintenance,12537.6,2030-12-30
PO2557,Supplier 6,IT Equipment,23787.34,2030-12-31
PO2558,Supplier 22,Maintenance,9898.42,2031-01-01
PO2559,Supplier 18,Chemicals,10897.11,2031-01-02
PO2560,Supplier 8,Chemicals,18010.05,2031-01-03
PO2561,Supplier 39,Packaging,15292.92,2031-01-04
PO2562,Supplier 32,Packaging,7823.69,2031-01-05
PO2563,Supplier 33,Raw Materials,10565.0,2031-01-06
PO2564,Supplier 16,Maintenance,5833.65,2031-01-07
PO2565,Supplier 12,Maintenance,24167.53,2031-01-08
PO2566,Supplier 38,Chemicals,3700.54,2031-01-09
PO2567,Supplier 34,Raw Materials,9610.0,2031-01-10
PO2568,Supplier 14,IT Equipment,1133.05,2031-01-11
PO2569,Supplier 36,Maintenance,5933.6,2031-01-12
PO2570,Supplier 33,Raw Materials,19621.54,2031-01-13
PO2571,Supplier 23,Raw Materials,5428.79,2031-01-14
PO2572,Supplier 50,Chemicals,2461.55,2031-01-15
PO2573,Supplier 45,Raw Materials,12124.1,2031-01-16
PO2574,Supplier 2,Packaging,744.25,2031-01-17
PO2575,Supplier 41,Packaging,2576.77,2031-01-18
PO2576,Supplier 21,Logistics,20286.83,2031-01-19
PO2577,Supplier 2,Chemicals,19401.1,2031-01-20
PO2578,Supplier 27,IT Equipment,22920.9,2031-01-21
PO2579,Supplier 9,Logistics,21435.63,2031-01-22
PO2580,Supplier 1,Packaging,17237.8,2031-01-23
PO2581,Supplier 11,Logistics,1782.16,2031-01-24
PO2582,Supplier 3,Chemicals,19679.79,2031-01-25
PO2583,Supplier 23,Chemicals,21215.01,2031-01-26
PO2584,Supplier 26,Raw Materials,20077.51,2031-01-27
PO2585,Supplier 4,Maintenance,12957.74,2031-01-28
PO2586,Supplier 18,Raw Materials,6206.1,2031-01-29
PO2587,Supplier 6,Chemicals,21210.58,2031-01-30
PO2588,Supplier 35,Packaging,18315.49,2031-01-31
PO2589,Supplier 22,IT Equipment,24528.65,2031-02-01
PO2590,Supplier 43,Packaging,4314.47,2031-02-02
PO2591,Supplier 15,Raw Materials,6028.78,2031-02-03
PO2592,Supplier 22,IT Equipment,5689.05,2031-02-04
PO2593,Supplier 37,Chemicals,19917.22,2031-02-05
PO2594,Supplier 42,Packaging,5079.23,2031-02-06
PO2595,Supplier 12,Chemicals,2133.17,2031-02-07
PO2596,Supplier 47,IT Equipment,24964.74,2031-02-08
PO2597,Supplier 49,IT Equipment,1108.02,2031-02-09
PO2598,Supplier 42,Packaging,20963.48,2031-02-10
PO2599,Supplier 38,Chemicals,9451.49,2031-02-11
PO2600,Supplier 18,Logistics,21119.58,2031-02-12
PO2601,Supplier 45,Chemicals,14088.2,2031-02-13
PO2602,Supplier 35,IT Equipment,22589.97,2031-02-14
PO2603,Supplier 30,Chemicals,23191.73,2031-02-15
PO2604,Supplier 24,Raw Materials,722.91,2031-02-16
PO2605,Supplier 42,Logistics,2347.6,2031-02-17
PO2606,Supplier 30,Maintenance,6633.79,2031-02-18
PO2607,Supplier 14,Raw Materials,16898.23,2031-02-19
PO2608,Supplier 6,Maintenance,22262.67,2031-02-20
PO2609,Supplier 3,Packaging,11768.58,2031-02-21
PO2610,Supplier 16,Maintenance,15370.84,2031-02-22
PO2611,Supplier 7,Chemicals,5118.25,2031-02-23
PO2612,Supplier 14,Maintenance,20221.69,2031-02-24
PO2613,Supplier 9,IT Equipment,24199.54,2031-02-25
PO2614,Supplier 15,Raw Materials,7080.67,2031-02-26
PO2615,Supplier 21,Raw Materials,12623.24,2031-02-27
PO2616,Supplier 35,Maintenance,2609.84,2031-02-28
PO2617,Supplier 2,Raw Materials,14198.85,2031-03-01
PO2618,Supplier 27,IT Equipment,12818.19,2031-03-02
PO2619,Supplier 2,Raw Materials,4038.69,2031-03-03
PO2620,Supplier 35,Maintenance,11330.62,2031-03-04
PO2621,Supplier 18,Logistics,8685.56,2031-03-05
PO2622,Supplier 14,Logistics,13284.86,2031-03-06
PO2623,Supplier 20,Packaging,14848.53,2031-03-07
PO2624,Supplier 18,Raw Materials,708.14,2031-03-08
PO2625,Supplier 10,Maintenance,19144.65,2031-03-09
PO2626,Supplier 25,Raw Materials,17968.85,2031-03-10
PO2627,Supplier 2,Chemicals,9474.02,2031-03-11
PO2628,Supplier 25,IT Equipment,1796.93,2031-03-12
PO2629,Supplier 33,Raw Materials,18995.85,2031-03-13
PO2630,Supplier 36,Raw Materials,23901.79,2031-03-14
PO2631,Supplier 31,Logistics,6383.71,2031-03-15
PO2632,Supplier 14,IT Equipment,8426.35,2031-03-16
PO2633,Supplier 1,Maintenance,5003.42,2031-03-17
PO2634,Supplier 46,Raw Materials,14634.94,2031-03-18
PO2635,Supplier 16,Logistics,4293.61,2031-03-19
PO2636,Supplier 46,Packaging,9226.75,2031-03-20
PO2637,Supplier 3,IT Equipment,17576.82,2031-03-21
PO2638,Supplier 35,Logistics,14222.84,2031-03-22
PO2639,Supplier 41,Logistics,9968.33,2031-03-23
PO2640,Supplier 6,Logistics,10796.12,2031-03-24
PO2641,Supplier 25,Raw Materials,14271.72,2031-03-25
PO2642,Supplier 13,Raw Materials,643.69,2031-03-26
PO2643,Supplier 34,Packaging,2423.49,2031-03-27
PO2644,Supplier 8,Chemicals,22090.82,2031-03-28
PO2645,Supplier 21,Chemicals,2408.04,2031-03-29
PO2646,Supplier 34,Chemicals,17816.69,2031-03-30
PO2647,Supplier 4,IT Equipment,23040.94,2031-03-31
PO2648,Supplier 25,IT Equipment,7131.75,2031-04-01
PO2649,Supplier 15,Packaging,9577.04,2031-04-02
PO2650,Supplier 4,IT Equipment,14438.57,2031-04-03
PO2651,Supplier 45,Chemicals,22101.87,2031-04-04
PO2652,Supplier 12,Chemicals,23576.69,2031-04-05
PO2653,Supplier 32,Logistics,18619.3,2031-04-06
PO2654,Supplier 32,IT Equipment,2622.18,2031-04-07
PO2655,Supplier 28,Raw Materials,16894.28,2031-04-08
PO2656,Supplier 13,Raw Materials,10552.44,2031-04-09
PO2657,Supplier 31,Logistics,12032.17,2031-04-10
PO2658,Supplier 14,Logistics,1704.14,2031-04-11
PO2659,Supplier 20,Logistics,5181.02,2031-04-12
PO2660,Supplier 18,Raw Materials,19867.58,2031-04-13
PO2661,Supplier 29,Chemicals,11621.99,2031-04-14
PO2662,Supplier 6,Logistics,7890.72,2031-04-15
PO2663,Supplier 32,Packaging,9908.47,2031-04-16
PO2664,Supplier 29,Logistics,21432.79,2031-04-17
PO2665,Supplier 43,Maintenance,18850.48,2031-04-18
PO2666,Supplier 2,Logistics,7171.73,2031-04-19
PO2667,Supplier 23,Raw Materials,3378.8,2031-04-20
PO2668,Supplier 19,IT Equipment,6673.96,2031-04-21
PO2669,Supplier 31,Logistics,23058.53,2031-04-22
PO2670,Supplier 5,IT Equipment,14748.93,2031-04-23
PO2671,Supplier 19,Maintenance,13570.27,2031-04-24
PO2672,Supplier 34,Packaging,15111.64,2031-04-25
PO2673,Supplier 10,IT Equipment,9467.69,2031-04-26
PO2674,Supplier 25,Chemicals,20274.12,2031-04-27
PO2675,Supplier 2,Logistics,13320.51,2031-04-28
PO2676,Supplier 11,Maintenance,3360.32,2031-04-29
PO2677,Supplier 50,Maintenance,3662.1,2031-04-30
PO2678,Supplier 31,IT Equipment,13653.05,2031-05-01
PO2679,Supplier 15,Packaging,23445.97,2031-05-02
PO2680,Supplier 9,Raw Materials,8054.63,2031-05-03
PO2681,Supplier 23,Logistics,21803.76,2031-05-04
PO2682,Supplier 19,Maintenance,19220.34,2031-05-05
PO2683,Supplier 9,Packaging,6571.4,2031-05-06
PO2684,Supplier 35,Chemicals,1390.35,2031-05-07
PO2685,Supplier 21,Maintenance,2995.26,2031-05-08
PO2686,Supplier 9,Packaging,18348.1,2031-05-09
PO2687,Supplier 28,Raw Materials,5391.91,2031-05-10
PO2688,Supplier 46,Raw Materials,9596.14,2031-05-11
PO2689,Supplier 7,Maintenance,12791.63,2031-05-12
PO2690,Supplier 16,Maintenance,18273.97,2031-05-13
PO2691,Supplier 16,IT Equipment,3274.16,2031-05-14
PO2692,Supplier 33,Logistics,10455.98,2031-05-15
PO2693,Supplier 4,Packaging,12384.29,2031-05-16
PO2694,Supplier 4,Maintenance,13750.26,2031-05-17
PO2695,Supplier 39,Logistics,20549.84,2031-05-18
PO2696,Supplier 40,IT Equipment,4706.12,2031-05-19
PO2697,Supplier 17,Logistics,20291.87,2031-05-20
PO2698,Supplier 37,Maintenance,17475.52,2031-05-21
PO2699,Supplier 39,Raw Materials,14118.83,2031-05-22
PO2700,Supplier 29,Packaging,17638.43,2031-05-23
PO2701,Supplier 36,Packaging,10594.43,2031-05-24
PO2702,Supplier 38,Raw Materials,3890.74,2031-05-25
PO2703,Supplier 39,Maintenance,16811.25,2031-05-26
PO2704,Supplier 50,Packaging,13354.47,2031-05-27
PO2705,Supplier 37,Maintenance,16164.68,2031-05-28
PO2706,Supplier 35,IT Equipment,8780.97,2031-05-29
PO2707,Supplier 7,Maintenance,22718.23,2031-05-30
PO2708,Supplier 27,Logistics,14890.56,2031-05-31
PO2709,Supplier 28,Raw Materials,2592.36,2031-06-01
PO2710,Supplier 22,Maintenance,11520.2,2031-06-02
PO2711,Supplier 14,IT Equipment,19030.72,2031-06-03
PO2712,Supplier 7,Chemicals,19956.3,2031-06-04
PO2713,Supplier 37,Raw Materials,12617.63,2031-06-05
PO2714,Supplier 22,Packaging,22421.32,2031-06-06
PO2715,Supplier 5,Logistics,7057.88,2031-06-07
PO2716,Supplier 2,Packaging,10559.67,2031-06-08
PO2717,Supplier 27,IT Equipment,22515.62,2031-06-09
PO2718,Supplier 21,IT Equipment,22458.29,2031-06-10
PO2719,Supplier 38,Packaging,17299.96,2031-06-11
PO2720,Supplier 15,Raw Materials,21545.02,2031-06-12
PO2721,Supplier 21,Packaging,2674.95,2031-06-13
PO2722,Supplier 10,Maintenance,21692.38,2031-06-14
PO2723,Supplier 23,Packaging,8355.19,2031-06-15
PO2724,Supplier 39,Logistics,4869.12,2031-06-16
PO2725,Supplier 5,Logistics,6364.56,2031-06-17
PO2726,Supplier 1,Chemicals,10740.23,2031-06-18
PO2727,Supplier 13,Logistics,6654.2,2031-06-19
PO2728,Supplier 21,Packaging,8353.91,2031-06-20
PO2729,Supplier 26,Logistics,3806.97,2031-06-21
PO2730,Supplier 50,Raw Materials,7756.33,2031-06-22
PO2731,Supplier 45,Logistics,14520.95,2031-06-23
PO2732,Supplier 21,Maintenance,11325.42,2031-06-24
PO2733,Supplier 18,Raw Materials,8994.61,2031-06-25
PO2734,Supplier 37,Chemicals,18788.08,2031-06-26
PO2735,Supplier 45,Maintenance,22390.99,2031-06-27
PO2736,Supplier 32,Packaging,19041.34,2031-06-28
PO2737,Supplier 36,Packaging,8634.02,2031-06-29
PO2738,Supplier 17,Packaging,18738.83,2031-06-30
PO2739,Supplier 35,Maintenance,4223.51,2031-07-01
PO2740,Supplier 49,Maintenance,3692.79,2031-07-02
PO2741,Supplier 11,Maintenance,8967.86,2031-07-03
PO2742,Supplier 21,Raw Materials,20288.71,2031-07-04
PO2743,Supplier 26,IT Equipment,6535.53,2031-07-05
PO2744,Supplier 4,Raw Materials,2049.71,2031-07-06
PO2745,Supplier 34,Packaging,3726.88,2031-07-07
PO2746,Supplier 48,IT Equipment,21539.25,2031-07-08
PO2747,Supplier 18,Logistics,16027.69,2031-07-09
PO2748,Supplier 40,Packaging,6703.43,2031-07-10
PO2749,Supplier 35,Chemicals,14104.75,2031-07-11
PO2750,Supplier 41,Raw Materials,13425.7,2031-07-12
PO2751,Supplier 29,Maintenance,16558.18,2031-07-13
PO2752,Supplier 29,Raw Materials,6213.1,2031-07-14
PO2753,Supplier 38,Maintenance,21677.87,2031-07-15
PO2754,Supplier 42,IT Equipment,8079.53,2031-07-16
PO2755,Supplier 21,Chemicals,17506.23,2031-07-17
PO2756,Supplier 42,IT Equipment,895.05,2031-07-18
PO2757,Supplier 13,Chemicals,9630.1,2031-07-19
PO2758,Supplier 49,Raw Materials,9116.89,2031-07-20
PO2759,Supplier 41,Maintenance,13815.37,2031-07-21
PO2760,Supplier 17,IT Equipment,2282.04,2031-07-22
PO2761,Supplier 9,Chemicals,19858.22,2031-07-23
PO2762,Supplier 41,Packaging,5835.63,2031-07-24
PO2763,Supplier 1,Packaging,17087.43,2031-07-25
PO2764,Supplier 2,IT Equipment,20178.7,2031-07-26
PO2765,Supplier 48,Maintenance,14265.99,2031-07-27
PO2766,Supplier 29,IT Equipment,18651.64,2031-07-28
PO2767,Supplier 33,Raw Materials,16715.58,2031-07-29
PO2768,Supplier 10,Chemicals,9210.48,2031-07-30
PO2769,Supplier 50,Raw Materials,20317.03,2031-07-31
PO2770,Supplier 40,Packaging,7720.18,2031-08-01
PO2771,Supplier 21,Chemicals,14494.72,2031-08-02
PO2772,Supplier 28,IT Equipment,18762.24,2031-08-03
PO2773,Supplier 11,Raw Materials,9784.42,2031-08-04
PO2774,Supplier 34,Logistics,7917.81,2031-08-05
PO2775,Supplier 8,Maintenance,11753.98,2031-08-06
PO2776,Supplier 22,Maintenance,20540.11,2031-08-07
PO2777,Supplier 8,Logistics,23283.08,2031-08-08
PO2778,Supplier 49,Packaging,13854.54,2031-08-09
PO2779,Supplier 15,Chemicals,16705.92,2031-08-10
PO2780,Supplier 17,Maintenance,22630.2,2031-08-11
PO2781,Supplier 23,Logistics,2914.4,2031-08-12
PO2782,Supplier 24,IT Equipment,6185.93,2031-08-13
PO2783,Supplier 45,Logistics,17868.05,2031-08-14
PO2784,Supplier 19,Packaging,20681.74,2031-08-15
PO2785,Supplier 5,Packaging,21497.21,2031-08-16
PO2786,Supplier 32,Raw Materials,10670.13,2031-08-17
PO2787,Supplier 44,Maintenance,2688.83,2031-08-18
PO2788,Supplier 1,Raw Materials,11225.65,2031-08-19
PO2789,Supplier 23,Logistics,6153.0,2031-08-20
PO2790,Supplier 37,Chemicals,7634.31,2031-08-21
PO2791,Supplier 8,Chemicals,19420.56,2031-08-22
PO2792,Supplier 13,Packaging,2350.41,2031-08-23
PO2793,Supplier 8,Chemicals,20775.74,2031-08-24
PO2794,Supplier 23,Chemicals,10977.89,2031-08-25
PO2795,Supplier 43,Chemicals,15103.57,2031-08-26
PO2796,Supplier 1,Logistics,2696.48,2031-08-27
PO2797,Supplier 45,Chemicals,8765.3,2031-08-28
PO2798,Supplier 24,IT Equipment,2697.67,2031-08-29
PO2799,Supplier 35,Chemicals,24057.82,2031-08-30
PO2800,Supplier 24,Chemicals,20277.91,2031-08-31
PO2801,Supplier 17,Raw Materials,11761.0,2031-09-01
PO2802,Supplier 5,Logistics,5978.26,2031-09-02
PO2803,Supplier 20,Packaging,23369.65,2031-09-03
PO2804,Supplier 21,Raw Materials,8942.62,2031-09-04
PO2805,Supplier 40,Maintenance,4444.12,2031-09-05
PO2806,Supplier 31,Logistics,14297.53,2031-09-06
PO2807,Supplier 46,IT Equipment,23622.47,2031-09-07
PO2808,Supplier 36,Logistics,593.84,2031-09-08
PO2809,Supplier 11,Maintenance,6334.06,2031-09-09
PO2810,Supplier 15,Maintenance,23491.97,2031-09-10
PO2811,Supplier 19,Maintenance,4691.61,2031-09-11
PO2812,Supplier 7,Packaging,3274.46,2031-09-12
PO2813,Supplier 28,Chemicals,14469.59,2031-09-13
PO2814,Supplier 43,Logistics,21615.17,2031-09-14
PO2815,Supplier 5,Chemicals,12189.19,2031-09-15
PO2816,Supplier 5,Chemicals,24866.82,2031-09-16
PO2817,Supplier 30,IT Equipment,17139.71,2031-09-17
PO2818,Supplier 32,Maintenance,2314.84,2031-09-18
PO2819,Supplier 8,Packaging,24824.39,2031-09-19
PO2820,Supplier 10,IT Equipment,10493.41,2031-09-20
PO2821,Supplier 38,Raw Materials,7541.36,2031-09-21
PO2822,Supplier 47,Packaging,14168.04,2031-09-22
PO2823,Supplier 32,Chemicals,7955.54,2031-09-23
PO2824,Supplier 48,Packaging,2618.21,2031-09-24
PO2825,Supplier 28,Maintenance,534.99,2031-09-25
PO2826,Supplier 17,Raw Materials,11514.79,2031-09-26
PO2827,Supplier 31,Maintenance,21003.15,2031-09-27
PO2828,Supplier 8,Raw Materials,14521.72,2031-09-28
PO2829,Supplier 40,IT Equipment,24980.58,2031-09-29
PO2830,Supplier 25,Chemicals,7527.74,2031-09-30
PO2831,Supplier 9,Raw Materials,7371.15,2031-10-01
PO2832,Supplier 2,Raw Materials,4413.86,2031-10-02
PO2833,Supplier 15,Raw Materials,4519.56,2031-10-03
PO2834,Supplier 50,Packaging,7487.07,2031-10-04
PO2835,Supplier 3,IT Equipment,19924.58,2031-10-05
PO2836,Supplier 49,Packaging,22691.04,2031-10-06
PO2837,Supplier 36,Chemicals,24389.64,2031-10-07
PO2838,Supplier 4,Raw Materials,6191.1,2031-10-08
PO2839,Supplier 14,IT Equipment,22091.79,2031-10-09
PO2840,Supplier 41,IT Equipment,8542.25,2031-10-10
PO2841,Supplier 41,Logistics,3264.59,2031-10-11
PO2842,Supplier 25,Chemicals,21815.61,2031-10-12
PO2843,Supplier 50,IT Equipment,16084.59,2031-10-13
PO2844,Supplier 10,Raw Materials,4535.91,2031-10-14
PO2845,Supplier 21,Raw Materials,11030.87,2031-10-15
PO2846,Supplier 36,IT Equipment,7537.81,2031-10-16
PO2847,Supplier 12,Packaging,18551.47,2031-10-17
PO2848,Supplier 27,Chemicals,11608.7,2031-10-18
PO2849,Supplier 40,Raw Materials,24737.36,2031-10-19
PO2850,Supplier 2,IT Equipment,1841.25,2031-10-20
PO2851,Supplier 13,Raw Materials,9197.87,2031-10-21
PO2852,Supplier 32,IT Equipment,12306.55,2031-10-22
PO2853,Supplier 31,Chemicals,12826.77,2031-10-23
PO2854,Supplier 16,IT Equipment,8240.43,2031-10-24
PO2855,Supplier 32,Logistics,18366.39,2031-10-25
PO2856,Supplier 32,IT Equipment,21931.3,2031-10-26
PO2857,Supplier 34,IT Equipment,23498.62,2031-10-27
PO2858,Supplier 11,Chemicals,20224.79,2031-10-28
PO2859,Supplier 10,IT Equipment,21339.21,2031-10-29
PO2860,Supplier 15,Chemicals,13988.36,2031-10-30
PO2861,Supplier 17,Logistics,20734.26,2031-10-31
PO2862,Supplier 40,Chemicals,7935.85,2031-11-01
PO2863,Supplier 18,Raw Materials,10262.73,2031-11-02
PO2864,Supplier 9,Chemicals,8264.37,2031-11-03
PO2865,Supplier 25,Logistics,11950.99,2031-11-04
PO2866,Supplier 40,Maintenance,7496.7,2031-11-05
PO2867,Supplier 14,IT Equipment,24059.48,2031-11-06
PO2868,Supplier 25,Chemicals,8164.69,2031-11-07
PO2869,Supplier 50,IT Equipment,2902.09,2031-11-08
PO2870,Supplier 22,Packaging,13407.02,2031-11-09
PO2871,Supplier 30,Raw Materials,1898.93,2031-11-10
PO2872,Supplier 20,Raw Materials,3208.31,2031-11-11
PO2873,Supplier 21,Packaging,5875.04,2031-11-12
PO2874,Supplier 44,Packaging,11876.58,2031-11-13
PO2875,Supplier 32,Chemicals,11114.65,2031-11-14
PO2876,Supplier 46,Packaging,20092.45,2031-11-15
PO2877,Supplier 49,Maintenance,18617.13,2031-11-16
PO2878,Supplier 21,IT Equipment,10944.8,2031-11-17
PO2879,Supplier 35,IT Equipment,8675.75,2031-11-18
PO2880,Supplier 32,Logistics,8253.49,2031-11-19
PO2881,Supplier 30,Packaging,19462.88,2031-11-20
PO2882,Supplier 39,Packaging,1775.77,2031-11-21
PO2883,Supplier 49,Maintenance,814.13,2031-11-22
PO2884,Supplier 12,Raw Materials,19990.84,2031-11-23
PO2885,Supplier 41,Raw Materials,12190.09,2031-11-24
PO2886,Supplier 47,IT Equipment,3706.59,2031-11-25
PO2887,Supplier 18,IT Equipment,6271.37,2031-11-26
PO2888,Supplier 21,Chemicals,23346.35,2031-11-27
PO2889,Supplier 13,Maintenance,21557.82,2031-11-28
PO2890,Supplier 21,Logistics,17889.73,2031-11-29
PO2891,Supplier 8,Logistics,12314.52,2031-11-30
PO2892,Supplier 46,Maintenance,13247.93,2031-12-01
PO2893,Supplier 40,Logistics,24393.49,2031-12-02
PO2894,Supplier 46,Raw Materials,24161.38,2031-12-03
PO2895,Supplier 7,Logistics,5774.09,2031-12-04
PO2896,Supplier 23,Logistics,20372.06,2031-12-05
PO2897,Supplier 44,Maintenance,5332.45,2031-12-06
PO2898,Supplier 32,Maintenance,5731.67,2031-12-07
PO2899,Supplier 11,Logistics,17064.28,2031-12-08
PO2900,Supplier 22,Packaging,10422.53,2031-12-09
PO2901,Supplier 22,Maintenance,23322.84,2031-12-10
PO2902,Supplier 43,Chemicals,2680.74,2031-12-11
PO2903,Supplier 25,Chemicals,13032.38,2031-12-12
PO2904,Supplier 22,Raw Materials,23003.78,2031-12-13
PO2905,Supplier 28,Logistics,22650.78,2031-12-14
PO2906,Supplier 29,Packaging,4334.97,2031-12-15
PO2907,Supplier 13,Raw Materials,9482.62,2031-12-16
PO2908,Supplier 18,Logistics,15668.47,2031-12-17
PO2909,Supplier 2,Maintenance,4405.17,2031-12-18
PO2910,Supplier 29,Chemicals,24216.54,2031-12-19
PO2911,Supplier 21,IT Equipment,22911.36,2031-12-20
PO2912,Supplier 15,Packaging,4590.28,2031-12-21
PO2913,Supplier 27,IT Equipment,3468.31,2031-12-22
PO2914,Supplier 50,Chemicals,2592.51,2031-12-23
PO2915,Supplier 31,IT Equipment,22781.37,2031-12-24
PO2916,Supplier 15,Maintenance,5243.78,2031-12-25
PO2917,Supplier 23,Logistics,10698.98,2031-12-26
PO2918,Supplier 24,Maintenance,11496.86,2031-12-27
PO2919,Supplier 44,IT Equipment,15175.77,2031-12-28
PO2920,Supplier 13,Maintenance,2257.52,2031-12-29
PO2921,Supplier 22,Chemicals,6055.59,2031-12-30
PO2922,Supplier 43,Packaging,23321.51,2031-12-31
PO2923,Supplier 37,Maintenance,22756.05,2032-01-01
PO2924,Supplier 33,Chemicals,19641.62,2032-01-02
PO2925,Supplier 3,Packaging,975.33,2032-01-03
PO2926,Supplier 19,Logistics,8511.67,2032-01-04
PO2927,Supplier 23,IT Equipment,15884.99,2032-01-05
PO2928,Supplier 29,Logistics,7242.16,2032-01-06
PO2929,Supplier 30,Raw Materials,22784.87,2032-01-07
PO2930,Supplier 39,Chemicals,16030.29,2032-01-08
PO2931,Supplier 44,Packaging,2261.71,2032-01-09
PO2932,Supplier 47,Maintenance,22770.64,2032-01-10
PO2933,Supplier 25,Logistics,23965.28,2032-01-11
PO2934,Supplier 37,Packaging,2403.95,2032-01-12
PO2935,Supplier 47,Chemicals,13542.83,2032-01-13
PO2936,Supplier 8,Raw Materials,7932.42,2032-01-14
PO2937,Supplier 42,Logistics,10124.56,2032-01-15
PO2938,Supplier 16,IT Equipment,4901.45,2032-01-16
PO2939,Supplier 8,Packaging,14662.77,2032-01-17
PO2940,Supplier 1,IT Equipment,23970.49,2032-01-18
PO2941,Supplier 44,Packaging,12825.28,2032-01-19
PO2942,Supplier 5,Packaging,2531.41,2032-01-20
PO2943,Supplier 3,Chemicals,15690.03,2032-01-21
PO2944,Supplier 1,Chemicals,8835.46,2032-01-22
PO2945,Supplier 4,Chemicals,21470.17,2032-01-23
PO2946,Supplier 40,Maintenance,11149.61,2032-01-24
PO2947,Supplier 35,Packaging,5224.57,2032-01-25
PO2948,Supplier 32,Logistics,5182.09,2032-01-26
PO2949,Supplier 42,IT Equipment,19334.72,2032-01-27
PO2950,Supplier 34,Chemicals,7006.9,2032-01-28
PO2951,Supplier 43,Chemicals,19297.22,2032-01-29
PO2952,Supplier 25,IT Equipment,5544.24,2032-01-30
PO2953,Supplier 10,IT Equipment,8381.32,2032-01-31
PO2954,Supplier 21,Packaging,11904.43,2032-02-01
PO2955,Supplier 46,Chemicals,23608.3,2032-02-02
PO2956,Supplier 39,IT Equipment,23327.42,2032-02-03
PO2957,Supplier 27,Maintenance,5568.36,2032-02-04
PO2958,Supplier 27,Maintenance,9276.37,2032-02-05
PO2959,Supplier 2,Chemicals,4160.29,2032-02-06
PO2960,Supplier 41,IT Equipment,12994.63,2032-02-07
PO2961,Supplier 48,Packaging,11784.27,2032-02-08
PO2962,Supplier 13,Packaging,22568.62,2032-02-09
PO2963,Supplier 9,Packaging,23285.13,2032-02-10
PO2964,Supplier 36,Raw Materials,9897.4,2032-02-11
PO2965,Supplier 22,Chemicals,12547.58,2032-02-12
PO2966,Supplier 42,Packaging,22457.79,2032-02-13
PO2967,Supplier 26,Maintenance,20264.34,2032-02-14
PO2968,Supplier 12,IT Equipment,589.58,2032-02-15
PO2969,Supplier 17,Logistics,8341.46,2032-02-16
PO2970,Supplier 14,Logistics,10833.47,2032-02-17
PO2971,Supplier 14,Packaging,6128.05,2032-02-18
PO2972,Supplier 34,Logistics,5389.5,2032-02-19
PO2973,Supplier 20,Logistics,1425.72,2032-02-20
PO2974,Supplier 11,Raw Materials,16262.56,2032-02-21
PO2975,Supplier 16,Maintenance,6931.5,2032-02-22
PO2976,Supplier 31,Maintenance,1782.51,2032-02-23
PO2977,Supplier 6,Raw Materials,6158.99,2032-02-24
PO2978,Supplier 19,Raw Materials,20146.89,2032-02-25
PO2979,Supplier 37,Logistics,21361.48,2032-02-26
PO2980,Supplier 4,Chemicals,12335.12,2032-02-27
PO2981,Supplier 47,IT Equipment,10693.73,2032-02-28
PO2982,Supplier 4,IT Equipment,24457.42,2032-02-29
PO2983,Supplier 20,Logistics,5413.83,2032-03-01
PO2984,Supplier 10,IT Equipment,5776.3,2032-03-02
PO2985,Supplier 24,Raw Materials,7650.75,2032-03-03
PO2986,Supplier 35,Maintenance,4732.55,2032-03-04
PO2987,Supplier 26,IT Equipment,9794.46,2032-03-05
PO2988,Supplier 37,Logistics,22815.44,2032-03-06
PO2989,Supplier 38,Chemicals,15576.02,2032-03-07
PO2990,Supplier 21,Logistics,10592.69,2032-03-08
PO2991,Supplier 40,Packaging,23393.06,2032-03-09
PO2992,Supplier 39,Logistics,1687.37,2032-03-10
PO2993,Supplier 21,Raw Materials,5651.77,2032-03-11
PO2994,Supplier 10,Maintenance,14364.27,2032-03-12
PO2995,Supplier 38,Maintenance,15581.04,2032-03-13
PO2996,Supplier 46,IT Equipment,1469.16,2032-03-14
PO2997,Supplier 4,Raw Materials,10374.45,2032-03-15
PO2998,Supplier 45,Packaging,16404.27,2032-03-16
PO2999,Supplier 20,Raw Materials,17602.73,2032-03-17
PO3000,Supplier 17,Logistics,16134.43,2032-03-18
